,WEEKS,PROD,CUST,Value,weight,sold,price,revenue,,,,,PROD,Pcrop,Weight,Pallet,LabF,TraF,SL,Ccase,,1CAUL_PLA,1,CAUL_P,LA,1,0.687099
13TOM_PLA,13,TOM_P,LA,2094.5456,25,52363.64,0.461111,24145.4504,,,,,BRSP_P,BRSP,55,12,0.0001,1,2,0.0001,,1CAUL_PLV,1,CAUL_P,LV,1,0.68216
14TOM_PLA,14,TOM_P,LA,4189.0912,25,104727.28,0.426923,44710.48456,,,,,CAUL_P,CAUL,23,336,0.0001,1,2,0.0001,,1CEL_PLA,1,CEL_P,LA,1,0.387251
15TOM_PLA,15,TOM_P,LA,6283.6368,25,157090.92,0.513216,80621.5736,,,,,CEL_P,CEL,28,231,0.0001,1,2,0.0001,,1CEL_PLV,1,CEL_P,LV,1,0.403376
16TOM_PLA,16,TOM_P,LA,8378.1824,25,209454.56,0.596422,124923.3076,,,,,CUX_P,CUX,55,12,0.0001,1,2,0.0001,,1CUX_PLA,1,CUX_P,LA,1,0.272328
17TOM_PLA,17,TOM_P,LA,7181.2992,25,179532.48,0.744152,133599.4541,,,,,LET_P,LET,18.15,18,0.0001,1,2,0.0001,,1CUX_PLV,1,CUX_P,LV,1,0.201156
18TOM_PLA,18,TOM_P,LA,5984.416,25,149610.4,0.956072,143038.3143,,,,,PEP_P,PEP,25,30,0.0001,1,2,0.0001,,1LET_PLA,1,LET_P,LA,1,0.712942
19TOM_PLA,19,TOM_P,LA,4787.5328,25,119688.32,0.93345,111723.0623,,,,,TOM_P,TOM,25,32,0.0001,1,2,0.0001,,1LET_PLV,1,LET_P,LV,1,0.589882
20TOM_PLA,20,TOM_P,LA,3590.6496,25,89766.24,0.697539,62615.45328,,,,,,,,,,,,,,1PEP_PLA,1,PEP_P,LA,1,0.958996
21TOM_PLA,21,TOM_P,LA,2393.7664,25,59844.16,0.585629,35046.47558,,,,,,,,,,,,,,1PEP_PLV,1,PEP_P,LV,1,0.839947
22TOM_PLA,22,TOM_P,LA,1196.88304,25,29922.076,0.540562,16174.73725,,,,,,,,,,,,,,1TOM_PLA,1,TOM_P,LA,1,2.13732
41LET_PLA,41,LET_P,LA,27669.42149,18.15,502200,1.77934,893584.548,,,,,,,,,,,,,,1TOM_PLV,1,TOM_P,LV,1,1.72269
43LET_PLA,43,LET_P,LA,48198.34711,18.15,874800,1.78387,1560529.476,,,,,,,,,,,,,,2CAUL_PLA,2,CAUL_P,LA,1,0.894864
46LET_PLA,46,LET_P,LA,18743.80165,18.15,340200,2.21855,754750.71,,,,,,,,,,,,,,2CAUL_PLV,2,CAUL_P,LV,1,0.799599
47LET_PLA,47,LET_P,LA,17851.23967,18.15,324000,2.06899,670352.76,,,,,,,,,,,,,,2CEL_PLA,2,CEL_P,LA,1,0.603725
,,,,,,,,,,,,,,,,,,,,,,2CEL_PLV,2,CEL_P,LV,1,0.520441
,,,,,,,," 4,655,815.81 ",,,,,,,,,,,,,,2CUX_PLA,2,CUX_P,LA,1,0.307093
,,,,,,,,,,,,,,,,,,,,,,2CUX_PLV,2,CUX_P,LV,1,0.242415
,,,,,,,,,,,,,,,,,,,,,,2LET_PLA,2,LET_P,LA,1,0.72095
,,,,,,,,,,,,,,,,,,,,,,2LET_PLV,2,LET_P,LV,1,0.661395
,,,,,,,,,,,,,,,,,,,,,,2PEP_PLA,2,PEP_P,LA,1,0.843306
,,,,,,,,,,,,,,,,,,,,,,2PEP_PLV,2,PEP_P,LV,1,0.831233
,,,,,,,,,,,,,,,,,,,,,,2TOM_PLA,2,TOM_P,LA,1,2.12872
,,,,,,,,,,,,,,,,,,,,,,2TOM_PLV,2,TOM_P,LV,1,1.54195
,,,,,,,,,,,,,,,,,,,,,,3CAUL_PLA,3,CAUL_P,LA,1,0.90915
,,,,,,,,,,,,,,,,,,,,,,3CAUL_PLV,3,CAUL_P,LV,1,0.762445
,,,,,,,,,,,,,,,,,,,,,,3CEL_PLA,3,CEL_P,LA,1,0.526086
,,,,,,,,,,,,,,,,,,,,,,3CEL_PLV,3,CEL_P,LV,1,0.507206
,,,,,,,,,,,,,,,,,,,,,,3CUX_PLA,3,CUX_P,LA,1,0.338699
,,,,,,,,,,,,,,,,,,,,,,3CUX_PLV,3,CUX_P,LV,1,0.284687
,,,,,,,,,,,,,,,,,,,,,,3LET_PLA,3,LET_P,LA,1,0.684643
,,,,,,,,,,,,,,,,,,,,,,3LET_PLV,3,LET_P,LV,1,0.571293
,,,,,,,,,,,,,,,,,,,,,,3PEP_PLA,3,PEP_P,LA,1,0.838884
,,,,,,,,,,,,,,,,,,,,,,3PEP_PLV,3,PEP_P,LV,1,0.703776
,,,,,,,,,,,,,,,,,,,,,,3TOM_PLA,3,TOM_P,LA,1,1.38071
,,,,,,,,,,,,,,,,,,,,,,3TOM_PLV,3,TOM_P,LV,1,1.11405
,,,,,,,,,,,,,,,,,,,,,,4CAUL_PLA,4,CAUL_P,LA,1,0.811184
,,,,,,,,,,,,,,,,,,,,,,4CAUL_PLV,4,CAUL_P,LV,1,0.738583
,,,,,,,,,,,,,,,,,,,,,,4CEL_PLA,4,CEL_P,LA,1,0.45798
,,,,,,,,,,,,,,,,,,,,,,4CEL_PLV,4,CEL_P,LV,1,0.480929
,,,,,,,,,,,,,,,,,,,,,,4CUX_PLA,4,CUX_P,LA,1,0.234957
,,,,,,,,,,,,,,,,,,,,,,4CUX_PLV,4,CUX_P,LV,1,0.25372
,,,,,,,,,,,,,,,,,,,,,,4LET_PLA,4,LET_P,LA,1,0.588578
,,,,,,,,,,,,,,,,,,,,,,4LET_PLV,4,LET_P,LV,1,0.525185
,,,,,,,,,,,,,,,,,,,,,,4PEP_PLA,4,PEP_P,LA,1,0.752954
,,,,,,,,,,,,,,,,,,,,,,4PEP_PLV,4,PEP_P,LV,1,0.623629
,,,,,,,,,,,,,,,,,,,,,,4TOM_PLA,4,TOM_P,LA,1,1.11241
,,,,,,,,,,,,,,,,,,,,,,4TOM_PLV,4,TOM_P,LV,1,1.00984
,,,,,,,,,,,,,,,,,,,,,,5CAUL_PLA,5,CAUL_P,LA,1,0.667975
,,,,,,,,,,,,,,,,,,,,,,5CAUL_PLV,5,CAUL_P,LV,1,0.655874
,,,,,,,,,,,,,,,,,,,,,,5CEL_PLA,5,CEL_P,LA,1,0.431813
,,,,,,,,,,,,,,,,,,,,,,5CEL_PLV,5,CEL_P,LV,1,0.402327
,,,,,,,,,,,,,,,,,,,,,,5CUX_PLA,5,CUX_P,LA,1,0.194255
,,,,,,,,,,,,,,,,,,,,,,5CUX_PLV,5,CUX_P,LV,1,0.152637
,,,,,,,,,,,,,,,,,,,,,,5LET_PLA,5,LET_P,LA,1,0.514828
,,,,,,,,,,,,,,,,,,,,,,5LET_PLV,5,LET_P,LV,1,0.466901
,,,,,,,,,,,,,,,,,,,,,,5PEP_PLA,5,PEP_P,LA,1,0.612357
,,,,,,,,,,,,,,,,,,,,,,5PEP_PLV,5,PEP_P,LV,1,0.53291
,,,,,,,,,,,,,,,,,,,,,,5TOM_PLA,5,TOM_P,LA,1,0.860157
,,,,,,,,,,,,,,,,,,,,,,5TOM_PLV,5,TOM_P,LV,1,0.677498
,,,,,,,,,,,,,,,,,,,,,,6CAUL_PLA,6,CAUL_P,LA,1,0.974581
,,,,,,,,,,,,,,,,,,,,,,6CAUL_PLV,6,CAUL_P,LV,1,0.773134
,,,,,,,,,,,,,,,,,,,,,,6CEL_PLA,6,CEL_P,LA,1,0.489897
,,,,,,,,,,,,,,,,,,,,,,6CEL_PLV,6,CEL_P,LV,1,0.464572
,,,,,,,,,,,,,,,,,,,,,,6CUX_PLA,6,CUX_P,LA,1,0.22383
,,,,,,,,,,,,,,,,,,,,,,6CUX_PLV,6,CUX_P,LV,1,0.204733
,,,,,,,,,,,,,,,,,,,,,,6LET_PLA,6,LET_P,LA,1,0.507599
,,,,,,,,,,,,,,,,,,,,,,6LET_PLV,6,LET_P,LV,1,0.473269
,,,,,,,,,,,,,,,,,,,,,,6PEP_PLA,6,PEP_P,LA,1,0.588335
,,,,,,,,,,,,,,,,,,,,,,6PEP_PLV,6,PEP_P,LV,1,0.479659
,,,,,,,,,,,,,,,,,,,,,,6TOM_PLA,6,TOM_P,LA,1,0.826818
,,,,,,,,,,,,,,,,,,,,,,6TOM_PLV,6,TOM_P,LV,1,0.687028
,,,,,,,,,,,,,,,,,,,,,,7CAUL_PLA,7,CAUL_P,LA,1,1.02911
,,,,,,,,,,,,,,,,,,,,,,7CAUL_PLV,7,CAUL_P,LV,1,0.849313
,,,,,,,,,,,,,,,,,,,,,,7CEL_PLA,7,CEL_P,LA,1,0.526263
,,,,,,,,,,,,,,,,,,,,,,7CEL_PLV,7,CEL_P,LV,1,0.476451
,,,,,,,,,,,,,,,,,,,,,,7CUX_PLA,7,CUX_P,LA,1,0.240927
,,,,,,,,,,,,,,,,,,,,,,7CUX_PLV,7,CUX_P,LV,1,0.188968
,,,,,,,,,,,,,,,,,,,,,,7LET_PLA,7,LET_P,LA,1,0.521907
,,,,,,,,,,,,,,,,,,,,,,7LET_PLV,7,LET_P,LV,1,0.497023
,,,,,,,,,,,,,,,,,,,,,,7PEP_PLA,7,PEP_P,LA,1,0.495471
,,,,,,,,,,,,,,,,,,,,,,7PEP_PLV,7,PEP_P,LV,1,0.398578
,,,,,,,,,,,,,,,,,,,,,,7TOM_PLA,7,TOM_P,LA,1,1.50956
,,,,,,,,,,,,,,,,,,,,,,7TOM_PLV,7,TOM_P,LV,1,0.997162
,,,,,,,,,,,,,,,,,,,,,,8CAUL_PLA,8,CAUL_P,LA,1,1.10992
,,,,,,,,,,,,,,,,,,,,,,8CAUL_PLV,8,CAUL_P,LV,1,0.905324
,,,,,,,,,,,,,,,,,,,,,,8CEL_PLA,8,CEL_P,LA,1,0.559411
,,,,,,,,,,,,,,,,,,,,,,8CEL_PLV,8,CEL_P,LV,1,0.472577
,,,,,,,,,,,,,,,,,,,,,,8CUX_PLA,8,CUX_P,LA,1,0.313428
,,,,,,,,,,,,,,,,,,,,,,8CUX_PLV,8,CUX_P,LV,1,0.21601
,,,,,,,,,,,,,,,,,,,,,,8LET_PLA,8,LET_P,LA,1,0.530529
,,,,,,,,,,,,,,,,,,,,,,8LET_PLV,8,LET_P,LV,1,0.511138
,,,,,,,,,,,,,,,,,,,,,,8PEP_PLA,8,PEP_P,LA,1,0.567915
,,,,,,,,,,,,,,,,,,,,,,8PEP_PLV,8,PEP_P,LV,1,0.431876
,,,,,,,,,,,,,,,,,,,,,,8TOM_PLA,8,TOM_P,LA,1,1.52271
,,,,,,,,,,,,,,,,,,,,,,8TOM_PLV,8,TOM_P,LV,1,1.03516
,,,,,,,,,,,,,,,,,,,,,,9CAUL_PLA,9,CAUL_P,LA,1,0.923023
,,,,,,,,,,,,,,,,,,,,,,9CAUL_PLV,9,CAUL_P,LV,1,0.876878
,,,,,,,,,,,,,,,,,,,,,,9CEL_PLA,9,CEL_P,LA,1,0.544033
,,,,,,,,,,,,,,,,,,,,,,9CEL_PLV,9,CEL_P,LV,1,0.457586
,,,,,,,,,,,,,,,,,,,,,,9CUX_PLA,9,CUX_P,LA,1,0.230685
,,,,,,,,,,,,,,,,,,,,,,9CUX_PLV,9,CUX_P,LV,1,0.193171
,,,,,,,,,,,,,,,,,,,,,,9LET_PLA,9,LET_P,LA,1,0.510329
,,,,,,,,,,,,,,,,,,,,,,9LET_PLV,9,LET_P,LV,1,0.559821
,,,,,,,,,,,,,,,,,,,,,,9PEP_PLA,9,PEP_P,LA,1,0.740866
,,,,,,,,,,,,,,,,,,,,,,9PEP_PLV,9,PEP_P,LV,1,0.614099
,,,,,,,,,,,,,,,,,,,,,,9TOM_PLA,9,TOM_P,LA,1,0.554118
,,,,,,,,,,,,,,,,,,,,,,9TOM_PLV,9,TOM_P,LV,1,0.681376
,,,,,,,,,,,,,,,,,,,,,,10CAUL_PLA,10,CAUL_P,LA,1,0.769206
,,,,,,,,,,,,,,,,,,,,,,10CAUL_PLV,10,CAUL_P,LV,1,0.700403
,,,,,,,,,,,,,,,,,,,,,,10CEL_PLA,10,CEL_P,LA,1,0.528968
,,,,,,,,,,,,,,,,,,,,,,10CEL_PLV,10,CEL_P,LV,1,0.501771
,,,,,,,,,,,,,,,,,,,,,,10CUX_PLA,10,CUX_P,LA,1,0.21643
,,,,,,,,,,,,,,,,,,,,,,10CUX_PLV,10,CUX_P,LV,1,0.177511
,,,,,,,,,,,,,,,,,,,,,,10LET_PLA,10,LET_P,LA,1,0.584839
,,,,,,,,,,,,,,,,,,,,,,10LET_PLV,10,LET_P,LV,1,0.481422
,,,,,,,,,,,,,,,,,,,,,,10PEP_PLA,10,PEP_P,LA,1,0.975374
,,,,,,,,,,,,,,,,,,,,,,10PEP_PLV,10,PEP_P,LV,1,0.796894
,,,,,,,,,,,,,,,,,,,,,,10TOM_PLA,10,TOM_P,LA,1,0.559193
,,,,,,,,,,,,,,,,,,,,,,10TOM_PLV,10,TOM_P,LV,1,0.592964
,,,,,,,,,,,,,,,,,,,,,,11CAUL_PLA,11,CAUL_P,LA,1,0.881478
,,,,,,,,,,,,,,,,,,,,,,11CAUL_PLV,11,CAUL_P,LV,1,0.779047
,,,,,,,,,,,,,,,,,,,,,,11CEL_PLA,11,CEL_P,LA,1,0.54751
,,,,,,,,,,,,,,,,,,,,,,11CEL_PLV,11,CEL_P,LV,1,0.573119
,,,,,,,,,,,,,,,,,,,,,,11CUX_PLA,11,CUX_P,LA,1,0.383642
,,,,,,,,,,,,,,,,,,,,,,11CUX_PLV,11,CUX_P,LV,1,0.248951
,,,,,,,,,,,,,,,,,,,,,,11LET_PLA,11,LET_P,LA,1,0.625238
,,,,,,,,,,,,,,,,,,,,,,11LET_PLV,11,LET_P,LV,1,0.528522
,,,,,,,,,,,,,,,,,,,,,,11PEP_PLA,11,PEP_P,LA,1,0.809191
,,,,,,,,,,,,,,,,,,,,,,11PEP_PLV,11,PEP_P,LV,1,0.665624
,,,,,,,,,,,,,,,,,,,,,,11TOM_PLA,11,TOM_P,LA,1,0.81077
,,,,,,,,,,,,,,,,,,,,,,11TOM_PLV,11,TOM_P,LV,1,0.634224
,,,,,,,,,,,,,,,,,,,,,,12CAUL_PLA,12,CAUL_P,LA,1,0.766451
,,,,,,,,,,,,,,,,,,,,,,12CAUL_PLV,12,CAUL_P,LV,1,0.723973
,,,,,,,,,,,,,,,,,,,,,,12CEL_PLA,12,CEL_P,LA,1,0.691618
,,,,,,,,,,,,,,,,,,,,,,12CEL_PLV,12,CEL_P,LV,1,0.594431
,,,,,,,,,,,,,,,,,,,,,,12CUX_PLA,12,CUX_P,LA,1,0.245912
,,,,,,,,,,,,,,,,,,,,,,12CUX_PLV,12,CUX_P,LV,1,0.239808
,,,,,,,,,,,,,,,,,,,,,,12LET_PLA,12,LET_P,LA,1,0.646625
,,,,,,,,,,,,,,,,,,,,,,12LET_PLV,12,LET_P,LV,1,0.581363
,,,,,,,,,,,,,,,,,,,,,,12PEP_PLA,12,PEP_P,LA,1,0.59552
,,,,,,,,,,,,,,,,,,,,,,12PEP_PLV,12,PEP_P,LV,1,0.580212
,,,,,,,,,,,,,,,,,,,,,,12TOM_PLA,12,TOM_P,LA,1,0.592973
,,,,,,,,,,,,,,,,,,,,,,12TOM_PLV,12,TOM_P,LV,1,0.450376
,,,,,,,,,,,,,,,,,,,,,,13CAUL_PLA,13,CAUL_P,LA,1,0.736308
,,,,,,,,,,,,,,,,,,,,,,13CAUL_PLV,13,CAUL_P,LV,1,0.671153
,,,,,,,,,,,,,,,,,,,,,,13CEL_PLA,13,CEL_P,LA,1,0.622148
,,,,,,,,,,,,,,,,,,,,,,13CEL_PLV,13,CEL_P,LV,1,0.507112
,,,,,,,,,,,,,,,,,,,,,,13CUX_PLA,13,CUX_P,LA,1,0.199244
,,,,,,,,,,,,,,,,,,,,,,13CUX_PLV,13,CUX_P,LV,1,0.163231
,,,,,,,,,,,,,,,,,,,,,,13LET_PLA,13,LET_P,LA,1,0.620302
,,,,,,,,,,,,,,,,,,,,,,13LET_PLV,13,LET_P,LV,1,0.543373
,,,,,,,,,,,,,,,,,,,,,,13PEP_PLA,13,PEP_P,LA,1,0.575775
,,,,,,,,,,,,,,,,,,,,,,13PEP_PLV,13,PEP_P,LV,1,0.515398
,,,,,,,,,,,,,,,,,,,,,,13TOM_PLA,13,TOM_P,LA,1,0.461111
,,,,,,,,,,,,,,,,,,,,,,13TOM_PLV,13,TOM_P,LV,1,0.383701
,,,,,,,,,,,,,,,,,,,,,,14CAUL_PLA,14,CAUL_P,LA,1,0.902375
,,,,,,,,,,,,,,,,,,,,,,14CAUL_PLV,14,CAUL_P,LV,1,0.812601
,,,,,,,,,,,,,,,,,,,,,,14CEL_PLA,14,CEL_P,LA,1,0.629288
,,,,,,,,,,,,,,,,,,,,,,14CEL_PLV,14,CEL_P,LV,1,0.523657
,,,,,,,,,,,,,,,,,,,,,,14CUX_PLA,14,CUX_P,LA,1,0.176106
,,,,,,,,,,,,,,,,,,,,,,14CUX_PLV,14,CUX_P,LV,1,0.155791
,,,,,,,,,,,,,,,,,,,,,,14LET_PLA,14,LET_P,LA,1,0.686389
,,,,,,,,,,,,,,,,,,,,,,14LET_PLV,14,LET_P,LV,1,0.573202
,,,,,,,,,,,,,,,,,,,,,,14PEP_PLA,14,PEP_P,LA,1,0.668019
,,,,,,,,,,,,,,,,,,,,,,14PEP_PLV,14,PEP_P,LV,1,0.533272
,,,,,,,,,,,,,,,,,,,,,,14TOM_PLA,14,TOM_P,LA,1,0.426923
,,,,,,,,,,,,,,,,,,,,,,14TOM_PLV,14,TOM_P,LV,1,0.327923
,,,,,,,,,,,,,,,,,,,,,,15CAUL_PLA,15,CAUL_P,LA,1,0.807787
,,,,,,,,,,,,,,,,,,,,,,15CAUL_PLV,15,CAUL_P,LV,1,0.721567
,,,,,,,,,,,,,,,,,,,,,,15CEL_PLA,15,CEL_P,LA,1,0.569171
,,,,,,,,,,,,,,,,,,,,,,15CEL_PLV,15,CEL_P,LV,1,0.489413
,,,,,,,,,,,,,,,,,,,,,,15CUX_PLA,15,CUX_P,LA,1,0.181849
,,,,,,,,,,,,,,,,,,,,,,15CUX_PLV,15,CUX_P,LV,1,0.140767
,,,,,,,,,,,,,,,,,,,,,,15LET_PLA,15,LET_P,LA,1,0.634759
,,,,,,,,,,,,,,,,,,,,,,15LET_PLV,15,LET_P,LV,1,0.515063
,,,,,,,,,,,,,,,,,,,,,,15PEP_PLA,15,PEP_P,LA,1,0.581411
,,,,,,,,,,,,,,,,,,,,,,15PEP_PLV,15,PEP_P,LV,1,0.496516
,,,,,,,,,,,,,,,,,,,,,,15TOM_PLA,15,TOM_P,LA,1,0.513216
,,,,,,,,,,,,,,,,,,,,,,15TOM_PLV,15,TOM_P,LV,1,0.424703
,,,,,,,,,,,,,,,,,,,,,,16CAUL_PLA,16,CAUL_P,LA,1,0.758568
,,,,,,,,,,,,,,,,,,,,,,16CAUL_PLV,16,CAUL_P,LV,1,0.696291
,,,,,,,,,,,,,,,,,,,,,,16CEL_PLA,16,CEL_P,LA,1,0.555585
,,,,,,,,,,,,,,,,,,,,,,16CEL_PLV,16,CEL_P,LV,1,0.462033
,,,,,,,,,,,,,,,,,,,,,,16CUX_PLA,16,CUX_P,LA,1,0.155667
,,,,,,,,,,,,,,,,,,,,,,16CUX_PLV,16,CUX_P,LV,1,0.12275
,,,,,,,,,,,,,,,,,,,,,,16LET_PLA,16,LET_P,LA,1,0.570225
,,,,,,,,,,,,,,,,,,,,,,16LET_PLV,16,LET_P,LV,1,0.498209
,,,,,,,,,,,,,,,,,,,,,,16PEP_PLA,16,PEP_P,LA,1,0.649655
,,,,,,,,,,,,,,,,,,,,,,16PEP_PLV,16,PEP_P,LV,1,0.488858
,,,,,,,,,,,,,,,,,,,,,,16TOM_PLA,16,TOM_P,LA,1,0.596422
,,,,,,,,,,,,,,,,,,,,,,16TOM_PLV,16,TOM_P,LV,1,0.542284
,,,,,,,,,,,,,,,,,,,,,,17CAUL_PLA,17,CAUL_P,LA,1,1.01098
,,,,,,,,,,,,,,,,,,,,,,17CAUL_PLV,17,CAUL_P,LV,1,0.780819
,,,,,,,,,,,,,,,,,,,,,,17CEL_PLA,17,CEL_P,LA,1,0.461175
,,,,,,,,,,,,,,,,,,,,,,17CEL_PLV,17,CEL_P,LV,1,0.446431
,,,,,,,,,,,,,,,,,,,,,,17CUX_PLA,17,CUX_P,LA,1,0.144493
,,,,,,,,,,,,,,,,,,,,,,17CUX_PLV,17,CUX_P,LV,1,0.116504
,,,,,,,,,,,,,,,,,,,,,,17LET_PLA,17,LET_P,LA,1,0.492029
,,,,,,,,,,,,,,,,,,,,,,17LET_PLV,17,LET_P,LV,1,0.463329
,,,,,,,,,,,,,,,,,,,,,,17PEP_PLA,17,PEP_P,LA,1,0.673931
,,,,,,,,,,,,,,,,,,,,,,17PEP_PLV,17,PEP_P,LV,1,0.621743
,,,,,,,,,,,,,,,,,,,,,,17TOM_PLA,17,TOM_P,LA,1,0.744152
,,,,,,,,,,,,,,,,,,,,,,17TOM_PLV,17,TOM_P,LV,1,0.633376
,,,,,,,,,,,,,,,,,,,,,,18CAUL_PLA,18,CAUL_P,LA,1,1.07057
,,,,,,,,,,,,,,,,,,,,,,18CAUL_PLV,18,CAUL_P,LV,1,0.86689
,,,,,,,,,,,,,,,,,,,,,,18CEL_PLA,18,CEL_P,LA,1,0.41747
,,,,,,,,,,,,,,,,,,,,,,18CEL_PLV,18,CEL_P,LV,1,0.358618
,,,,,,,,,,,,,,,,,,,,,,18CUX_PLA,18,CUX_P,LA,1,0.128963
,,,,,,,,,,,,,,,,,,,,,,18CUX_PLV,18,CUX_P,LV,1,0.108095
,,,,,,,,,,,,,,,,,,,,,,18LET_PLA,18,LET_P,LA,1,0.514068
,,,,,,,,,,,,,,,,,,,,,,18LET_PLV,18,LET_P,LV,1,0.45509
,,,,,,,,,,,,,,,,,,,,,,18PEP_PLA,18,PEP_P,LA,1,0.689892
,,,,,,,,,,,,,,,,,,,,,,18PEP_PLV,18,PEP_P,LV,1,0.617514
,,,,,,,,,,,,,,,,,,,,,,18TOM_PLA,18,TOM_P,LA,1,0.956072
,,,,,,,,,,,,,,,,,,,,,,18TOM_PLV,18,TOM_P,LV,1,0.800081
,,,,,,,,,,,,,,,,,,,,,,19CAUL_PLA,19,CAUL_P,LA,1,1.21604
,,,,,,,,,,,,,,,,,,,,,,19CAUL_PLV,19,CAUL_P,LV,1,0.962107
,,,,,,,,,,,,,,,,,,,,,,19CEL_PLA,19,CEL_P,LA,1,0.439042
,,,,,,,,,,,,,,,,,,,,,,19CEL_PLV,19,CEL_P,LV,1,0.36441
,,,,,,,,,,,,,,,,,,,,,,19CUX_PLA,19,CUX_P,LA,1,0.120126
,,,,,,,,,,,,,,,,,,,,,,19CUX_PLV,19,CUX_P,LV,1,0.0981952
,,,,,,,,,,,,,,,,,,,,,,19LET_PLA,19,LET_P,LA,1,0.54518
,,,,,,,,,,,,,,,,,,,,,,19LET_PLV,19,LET_P,LV,1,0.469913
,,,,,,,,,,,,,,,,,,,,,,19PEP_PLA,19,PEP_P,LA,1,0.701146
,,,,,,,,,,,,,,,,,,,,,,19PEP_PLV,19,PEP_P,LV,1,0.628308
,,,,,,,,,,,,,,,,,,,,,,19TOM_PLA,19,TOM_P,LA,1,0.93345
,,,,,,,,,,,,,,,,,,,,,,19TOM_PLV,19,TOM_P,LV,1,0.733459
,,,,,,,,,,,,,,,,,,,,,,20CAUL_PLA,20,CAUL_P,LA,1,1.02799
,,,,,,,,,,,,,,,,,,,,,,20CAUL_PLV,20,CAUL_P,LV,1,0.844062
,,,,,,,,,,,,,,,,,,,,,,20CEL_PLA,20,CEL_P,LA,1,0.439949
,,,,,,,,,,,,,,,,,,,,,,20CEL_PLV,20,CEL_P,LV,1,0.383357
,,,,,,,,,,,,,,,,,,,,,,20CUX_PLA,20,CUX_P,LA,1,0.125274
,,,,,,,,,,,,,,,,,,,,,,20CUX_PLV,20,CUX_P,LV,1,0.102969
,,,,,,,,,,,,,,,,,,,,,,20LET_PLA,20,LET_P,LA,1,0.545774
,,,,,,,,,,,,,,,,,,,,,,20LET_PLV,20,LET_P,LV,1,0.479613
,,,,,,,,,,,,,,,,,,,,,,20PEP_PLA,20,PEP_P,LA,1,0.704333
,,,,,,,,,,,,,,,,,,,,,,20PEP_PLV,20,PEP_P,LV,1,0.662026
,,,,,,,,,,,,,,,,,,,,,,20TOM_PLA,20,TOM_P,LA,1,0.697539
,,,,,,,,,,,,,,,,,,,,,,20TOM_PLV,20,TOM_P,LV,1,0.580709
,,,,,,,,,,,,,,,,,,,,,,21CAUL_PLA,21,CAUL_P,LA,1,0.840686
,,,,,,,,,,,,,,,,,,,,,,21CAUL_PLV,21,CAUL_P,LV,1,0.710885
,,,,,,,,,,,,,,,,,,,,,,21CEL_PLA,21,CEL_P,LA,1,0.47427
,,,,,,,,,,,,,,,,,,,,,,21CEL_PLV,21,CEL_P,LV,1,0.420378
,,,,,,,,,,,,,,,,,,,,,,21CUX_PLA,21,CUX_P,LA,1,0.125348
,,,,,,,,,,,,,,,,,,,,,,21CUX_PLV,21,CUX_P,LV,1,0.100037
,,,,,,,,,,,,,,,,,,,,,,21LET_PLA,21,LET_P,LA,1,0.543248
,,,,,,,,,,,,,,,,,,,,,,21LET_PLV,21,LET_P,LV,1,0.510383
,,,,,,,,,,,,,,,,,,,,,,21PEP_PLA,21,PEP_P,LA,1,0.661272
,,,,,,,,,,,,,,,,,,,,,,21PEP_PLV,21,PEP_P,LV,1,0.575489
,,,,,,,,,,,,,,,,,,,,,,21TOM_PLA,21,TOM_P,LA,1,0.585629
,,,,,,,,,,,,,,,,,,,,,,21TOM_PLV,21,TOM_P,LV,1,0.515282
,,,,,,,,,,,,,,,,,,,,,,22CAUL_PLA,22,CAUL_P,LA,1,0.682273
,,,,,,,,,,,,,,,,,,,,,,22CAUL_PLV,22,CAUL_P,LV,1,0.629641
,,,,,,,,,,,,,,,,,,,,,,22CEL_PLA,22,CEL_P,LA,1,0.508244
,,,,,,,,,,,,,,,,,,,,,,22CEL_PLV,22,CEL_P,LV,1,0.470204
,,,,,,,,,,,,,,,,,,,,,,22CUX_PLA,22,CUX_P,LA,1,0.139793
,,,,,,,,,,,,,,,,,,,,,,22CUX_PLV,22,CUX_P,LV,1,0.110308
,,,,,,,,,,,,,,,,,,,,,,22LET_PLA,22,LET_P,LA,1,0.569786
,,,,,,,,,,,,,,,,,,,,,,22LET_PLV,22,LET_P,LV,1,0.530177
,,,,,,,,,,,,,,,,,,,,,,22PEP_PLA,22,PEP_P,LA,1,0.642595
,,,,,,,,,,,,,,,,,,,,,,22PEP_PLV,22,PEP_P,LV,1,0.529299
,,,,,,,,,,,,,,,,,,,,,,22TOM_PLA,22,TOM_P,LA,1,0.540562
,,,,,,,,,,,,,,,,,,,,,,22TOM_PLV,22,TOM_P,LV,1,0.494025
,,,,,,,,,,,,,,,,,,,,,,23CAUL_PLA,23,CAUL_P,LA,1,0.677414
,,,,,,,,,,,,,,,,,,,,,,23CAUL_PLV,23,CAUL_P,LV,1,0.662923
,,,,,,,,,,,,,,,,,,,,,,23CEL_PLA,23,CEL_P,LA,1,0.581842
,,,,,,,,,,,,,,,,,,,,,,23CEL_PLV,23,CEL_P,LV,1,0.558777
,,,,,,,,,,,,,,,,,,,,,,23CUX_PLA,23,CUX_P,LA,1,0.221978
,,,,,,,,,,,,,,,,,,,,,,23CUX_PLV,23,CUX_P,LV,1,0.155786
,,,,,,,,,,,,,,,,,,,,,,23LET_PLA,23,LET_P,LA,1,0.607778
,,,,,,,,,,,,,,,,,,,,,,23LET_PLV,23,LET_P,LV,1,0.521542
,,,,,,,,,,,,,,,,,,,,,,23PEP_PLA,23,PEP_P,LA,1,0.672989
,,,,,,,,,,,,,,,,,,,,,,23PEP_PLV,23,PEP_P,LV,1,0.543371
,,,,,,,,,,,,,,,,,,,,,,23TOM_PLA,23,TOM_P,LA,1,0.541844
,,,,,,,,,,,,,,,,,,,,,,23TOM_PLV,23,TOM_P,LV,1,0.498126
,,,,,,,,,,,,,,,,,,,,,,24CAUL_PLA,24,CAUL_P,LA,1,0.736699
,,,,,,,,,,,,,,,,,,,,,,24CAUL_PLV,24,CAUL_P,LV,1,0.680076
,,,,,,,,,,,,,,,,,,,,,,24CEL_PLA,24,CEL_P,LA,1,0.567869
,,,,,,,,,,,,,,,,,,,,,,24CEL_PLV,24,CEL_P,LV,1,0.534476
,,,,,,,,,,,,,,,,,,,,,,24CUX_PLA,24,CUX_P,LA,1,0.25484
,,,,,,,,,,,,,,,,,,,,,,24CUX_PLV,24,CUX_P,LV,1,0.1704
,,,,,,,,,,,,,,,,,,,,,,24LET_PLA,24,LET_P,LA,1,0.766866
,,,,,,,,,,,,,,,,,,,,,,24LET_PLV,24,LET_P,LV,1,0.817981
,,,,,,,,,,,,,,,,,,,,,,24PEP_PLA,24,PEP_P,LA,1,0.761742
,,,,,,,,,,,,,,,,,,,,,,24PEP_PLV,24,PEP_P,LV,1,0.556148
,,,,,,,,,,,,,,,,,,,,,,24TOM_PLA,24,TOM_P,LA,1,0.444181
,,,,,,,,,,,,,,,,,,,,,,24TOM_PLV,24,TOM_P,LV,1,0.427193
,,,,,,,,,,,,,,,,,,,,,,25CAUL_PLA,25,CAUL_P,LA,1,0.67422
,,,,,,,,,,,,,,,,,,,,,,25CAUL_PLV,25,CAUL_P,LV,1,0.675
,,,,,,,,,,,,,,,,,,,,,,25CEL_PLA,25,CEL_P,LA,1,0.325983
,,,,,,,,,,,,,,,,,,,,,,25CEL_PLV,25,CEL_P,LV,1,0.36018
,,,,,,,,,,,,,,,,,,,,,,25CUX_PLA,25,CUX_P,LA,1,0.24551
,,,,,,,,,,,,,,,,,,,,,,25CUX_PLV,25,CUX_P,LV,1,0.165468
,,,,,,,,,,,,,,,,,,,,,,25LET_PLA,25,LET_P,LA,1,1.06818
,,,,,,,,,,,,,,,,,,,,,,25LET_PLV,25,LET_P,LV,1,0.907444
,,,,,,,,,,,,,,,,,,,,,,25PEP_PLA,25,PEP_P,LA,1,0.762254
,,,,,,,,,,,,,,,,,,,,,,25PEP_PLV,25,PEP_P,LV,1,0.574857
,,,,,,,,,,,,,,,,,,,,,,25TOM_PLA,25,TOM_P,LA,1,0.461644
,,,,,,,,,,,,,,,,,,,,,,25TOM_PLV,25,TOM_P,LV,1,0.429567
,,,,,,,,,,,,,,,,,,,,,,26CAUL_PLA,26,CAUL_P,LA,1,0.638221
,,,,,,,,,,,,,,,,,,,,,,26CAUL_PLV,26,CAUL_P,LV,1,0.648957
,,,,,,,,,,,,,,,,,,,,,,26CEL_PLA,26,CEL_P,LA,1,0.214011
,,,,,,,,,,,,,,,,,,,,,,26CEL_PLV,26,CEL_P,LV,1,0.223816
,,,,,,,,,,,,,,,,,,,,,,26CUX_PLA,26,CUX_P,LA,1,0.26681
,,,,,,,,,,,,,,,,,,,,,,26CUX_PLV,26,CUX_P,LV,1,0.171705
,,,,,,,,,,,,,,,,,,,,,,26LET_PLA,26,LET_P,LA,1,1.33759
,,,,,,,,,,,,,,,,,,,,,,26LET_PLV,26,LET_P,LV,1,1.0404
,,,,,,,,,,,,,,,,,,,,,,26PEP_PLA,26,PEP_P,LA,1,0.962649
,,,,,,,,,,,,,,,,,,,,,,26PEP_PLV,26,PEP_P,LV,1,0.798841
,,,,,,,,,,,,,,,,,,,,,,26TOM_PLA,26,TOM_P,LA,1,0.443177
,,,,,,,,,,,,,,,,,,,,,,26TOM_PLV,26,TOM_P,LV,1,0.427661
,,,,,,,,,,,,,,,,,,,,,,27CAUL_PLA,27,CAUL_P,LA,1,0.642702
,,,,,,,,,,,,,,,,,,,,,,27CAUL_PLV,27,CAUL_P,LV,1,0.654614
,,,,,,,,,,,,,,,,,,,,,,27CEL_PLA,27,CEL_P,LA,1,0.224934
,,,,,,,,,,,,,,,,,,,,,,27CEL_PLV,27,CEL_P,LV,1,0.238896
,,,,,,,,,,,,,,,,,,,,,,27CUX_PLA,27,CUX_P,LA,1,0.280499
,,,,,,,,,,,,,,,,,,,,,,27CUX_PLV,27,CUX_P,LV,1,0.184365
,,,,,,,,,,,,,,,,,,,,,,27LET_PLA,27,LET_P,LA,1,1.28218
,,,,,,,,,,,,,,,,,,,,,,27LET_PLV,27,LET_P,LV,1,0.93295
,,,,,,,,,,,,,,,,,,,,,,27PEP_PLA,27,PEP_P,LA,1,0.921158
,,,,,,,,,,,,,,,,,,,,,,27PEP_PLV,27,PEP_P,LV,1,0.678866
,,,,,,,,,,,,,,,,,,,,,,27TOM_PLA,27,TOM_P,LA,1,0.412295
,,,,,,,,,,,,,,,,,,,,,,27TOM_PLV,27,TOM_P,LV,1,0.379726
,,,,,,,,,,,,,,,,,,,,,,28CAUL_PLA,28,CAUL_P,LA,1,0.612244
,,,,,,,,,,,,,,,,,,,,,,28CAUL_PLV,28,CAUL_P,LV,1,0.637181
,,,,,,,,,,,,,,,,,,,,,,28CEL_PLA,28,CEL_P,LA,1,0.200442
,,,,,,,,,,,,,,,,,,,,,,28CEL_PLV,28,CEL_P,LV,1,0.225232
,,,,,,,,,,,,,,,,,,,,,,28CUX_PLA,28,CUX_P,LA,1,0.244096
,,,,,,,,,,,,,,,,,,,,,,28CUX_PLV,28,CUX_P,LV,1,0.178907
,,,,,,,,,,,,,,,,,,,,,,28LET_PLA,28,LET_P,LA,1,1.11508
,,,,,,,,,,,,,,,,,,,,,,28LET_PLV,28,LET_P,LV,1,0.898935
,,,,,,,,,,,,,,,,,,,,,,28PEP_PLA,28,PEP_P,LA,1,0.807126
,,,,,,,,,,,,,,,,,,,,,,28PEP_PLV,28,PEP_P,LV,1,0.59223
,,,,,,,,,,,,,,,,,,,,,,28TOM_PLA,28,TOM_P,LA,1,0.413809
,,,,,,,,,,,,,,,,,,,,,,28TOM_PLV,28,TOM_P,LV,1,0.396127
,,,,,,,,,,,,,,,,,,,,,,29CAUL_PLA,29,CAUL_P,LA,1,0.624343
,,,,,,,,,,,,,,,,,,,,,,29CAUL_PLV,29,CAUL_P,LV,1,0.657109
,,,,,,,,,,,,,,,,,,,,,,29CEL_PLA,29,CEL_P,LA,1,0.199976
,,,,,,,,,,,,,,,,,,,,,,29CEL_PLV,29,CEL_P,LV,1,0.209051
,,,,,,,,,,,,,,,,,,,,,,29CUX_PLA,29,CUX_P,LA,1,0.162172
,,,,,,,,,,,,,,,,,,,,,,29CUX_PLV,29,CUX_P,LV,1,0.143676
,,,,,,,,,,,,,,,,,,,,,,29LET_PLA,29,LET_P,LA,1,0.982667
,,,,,,,,,,,,,,,,,,,,,,29LET_PLV,29,LET_P,LV,1,0.728564
,,,,,,,,,,,,,,,,,,,,,,29PEP_PLA,29,PEP_P,LA,1,0.709506
,,,,,,,,,,,,,,,,,,,,,,29PEP_PLV,29,PEP_P,LV,1,0.547227
,,,,,,,,,,,,,,,,,,,,,,29TOM_PLA,29,TOM_P,LA,1,0.449644
,,,,,,,,,,,,,,,,,,,,,,29TOM_PLV,29,TOM_P,LV,1,0.448824
,,,,,,,,,,,,,,,,,,,,,,30CAUL_PLA,30,CAUL_P,LA,1,0.63385
,,,,,,,,,,,,,,,,,,,,,,30CAUL_PLV,30,CAUL_P,LV,1,0.654007
,,,,,,,,,,,,,,,,,,,,,,30CEL_PLA,30,CEL_P,LA,1,0.21027
,,,,,,,,,,,,,,,,,,,,,,30CEL_PLV,30,CEL_P,LV,1,0.219919
,,,,,,,,,,,,,,,,,,,,,,30CUX_PLA,30,CUX_P,LA,1,0.155521
,,,,,,,,,,,,,,,,,,,,,,30CUX_PLV,30,CUX_P,LV,1,0.141098
,,,,,,,,,,,,,,,,,,,,,,30LET_PLA,30,LET_P,LA,1,1.11865
,,,,,,,,,,,,,,,,,,,,,,30LET_PLV,30,LET_P,LV,1,0.787303
,,,,,,,,,,,,,,,,,,,,,,30PEP_PLA,30,PEP_P,LA,1,0.743163
,,,,,,,,,,,,,,,,,,,,,,30PEP_PLV,30,PEP_P,LV,1,0.608713
,,,,,,,,,,,,,,,,,,,,,,30TOM_PLA,30,TOM_P,LA,1,0.468002
,,,,,,,,,,,,,,,,,,,,,,30TOM_PLV,30,TOM_P,LV,1,0.468691
,,,,,,,,,,,,,,,,,,,,,,31CAUL_PLA,31,CAUL_P,LA,1,0.649895
,,,,,,,,,,,,,,,,,,,,,,31CAUL_PLV,31,CAUL_P,LV,1,0.662582
,,,,,,,,,,,,,,,,,,,,,,31CEL_PLA,31,CEL_P,LA,1,0.181729
,,,,,,,,,,,,,,,,,,,,,,31CEL_PLV,31,CEL_P,LV,1,0.202705
,,,,,,,,,,,,,,,,,,,,,,31CUX_PLA,31,CUX_P,LA,1,0.150794
,,,,,,,,,,,,,,,,,,,,,,31CUX_PLV,31,CUX_P,LV,1,0.125043
,,,,,,,,,,,,,,,,,,,,,,31LET_PLA,31,LET_P,LA,1,1.24412
,,,,,,,,,,,,,,,,,,,,,,31LET_PLV,31,LET_P,LV,1,0.877385
,,,,,,,,,,,,,,,,,,,,,,31PEP_PLA,31,PEP_P,LA,1,0.678861
,,,,,,,,,,,,,,,,,,,,,,31PEP_PLV,31,PEP_P,LV,1,0.530755
,,,,,,,,,,,,,,,,,,,,,,31TOM_PLA,31,TOM_P,LA,1,0.461253
,,,,,,,,,,,,,,,,,,,,,,31TOM_PLV,31,TOM_P,LV,1,0.450418
,,,,,,,,,,,,,,,,,,,,,,32CAUL_PLA,32,CAUL_P,LA,1,0.64092
,,,,,,,,,,,,,,,,,,,,,,32CAUL_PLV,32,CAUL_P,LV,1,0.648012
,,,,,,,,,,,,,,,,,,,,,,32CEL_PLA,32,CEL_P,LA,1,0.169552
,,,,,,,,,,,,,,,,,,,,,,32CEL_PLV,32,CEL_P,LV,1,0.194839
,,,,,,,,,,,,,,,,,,,,,,32CUX_PLA,32,CUX_P,LA,1,0.16841
,,,,,,,,,,,,,,,,,,,,,,32CUX_PLV,32,CUX_P,LV,1,0.126913
,,,,,,,,,,,,,,,,,,,,,,32LET_PLA,32,LET_P,LA,1,1.5136
,,,,,,,,,,,,,,,,,,,,,,32LET_PLV,32,LET_P,LV,1,0.990596
,,,,,,,,,,,,,,,,,,,,,,32PEP_PLA,32,PEP_P,LA,1,0.619655
,,,,,,,,,,,,,,,,,,,,,,32PEP_PLV,32,PEP_P,LV,1,0.469077
,,,,,,,,,,,,,,,,,,,,,,32TOM_PLA,32,TOM_P,LA,1,0.45781
,,,,,,,,,,,,,,,,,,,,,,32TOM_PLV,32,TOM_P,LV,1,0.439949
,,,,,,,,,,,,,,,,,,,,,,33CAUL_PLA,33,CAUL_P,LA,1,0.647812
,,,,,,,,,,,,,,,,,,,,,,33CAUL_PLV,33,CAUL_P,LV,1,0.656214
,,,,,,,,,,,,,,,,,,,,,,33CEL_PLA,33,CEL_P,LA,1,0.165739
,,,,,,,,,,,,,,,,,,,,,,33CEL_PLV,33,CEL_P,LV,1,0.198007
,,,,,,,,,,,,,,,,,,,,,,33CUX_PLA,33,CUX_P,LA,1,0.186046
,,,,,,,,,,,,,,,,,,,,,,33CUX_PLV,33,CUX_P,LV,1,0.140852
,,,,,,,,,,,,,,,,,,,,,,33LET_PLA,33,LET_P,LA,1,1.46042
,,,,,,,,,,,,,,,,,,,,,,33LET_PLV,33,LET_P,LV,1,1.01374
,,,,,,,,,,,,,,,,,,,,,,33PEP_PLA,33,PEP_P,LA,1,0.589643
,,,,,,,,,,,,,,,,,,,,,,33PEP_PLV,33,PEP_P,LV,1,0.446054
,,,,,,,,,,,,,,,,,,,,,,33TOM_PLA,33,TOM_P,LA,1,0.469056
,,,,,,,,,,,,,,,,,,,,,,33TOM_PLV,33,TOM_P,LV,1,0.414082
,,,,,,,,,,,,,,,,,,,,,,34CAUL_PLA,34,CAUL_P,LA,1,0.658415
,,,,,,,,,,,,,,,,,,,,,,34CAUL_PLV,34,CAUL_P,LV,1,0.654231
,,,,,,,,,,,,,,,,,,,,,,34CEL_PLA,34,CEL_P,LA,1,0.160924
,,,,,,,,,,,,,,,,,,,,,,34CEL_PLV,34,CEL_P,LV,1,0.18863
,,,,,,,,,,,,,,,,,,,,,,34CUX_PLA,34,CUX_P,LA,1,0.201089
,,,,,,,,,,,,,,,,,,,,,,34CUX_PLV,34,CUX_P,LV,1,0.16181
,,,,,,,,,,,,,,,,,,,,,,34LET_PLA,34,LET_P,LA,1,1.42779
,,,,,,,,,,,,,,,,,,,,,,34LET_PLV,34,LET_P,LV,1,1.08993
,,,,,,,,,,,,,,,,,,,,,,34PEP_PLA,34,PEP_P,LA,1,0.627481
,,,,,,,,,,,,,,,,,,,,,,34PEP_PLV,34,PEP_P,LV,1,0.454417
,,,,,,,,,,,,,,,,,,,,,,34TOM_PLA,34,TOM_P,LA,1,0.425366
,,,,,,,,,,,,,,,,,,,,,,34TOM_PLV,34,TOM_P,LV,1,0.398626
,,,,,,,,,,,,,,,,,,,,,,35CAUL_PLA,35,CAUL_P,LA,1,0.663365
,,,,,,,,,,,,,,,,,,,,,,35CAUL_PLV,35,CAUL_P,LV,1,0.655228
,,,,,,,,,,,,,,,,,,,,,,35CEL_PLA,35,CEL_P,LA,1,0.169886
,,,,,,,,,,,,,,,,,,,,,,35CEL_PLV,35,CEL_P,LV,1,0.179715
,,,,,,,,,,,,,,,,,,,,,,35CUX_PLA,35,CUX_P,LA,1,0.201604
,,,,,,,,,,,,,,,,,,,,,,35CUX_PLV,35,CUX_P,LV,1,0.160351
,,,,,,,,,,,,,,,,,,,,,,35LET_PLA,35,LET_P,LA,1,1.35971
,,,,,,,,,,,,,,,,,,,,,,35LET_PLV,35,LET_P,LV,1,0.981639
,,,,,,,,,,,,,,,,,,,,,,35PEP_PLA,35,PEP_P,LA,1,0.71917
,,,,,,,,,,,,,,,,,,,,,,35PEP_PLV,35,PEP_P,LV,1,0.501788
,,,,,,,,,,,,,,,,,,,,,,35TOM_PLA,35,TOM_P,LA,1,0.446993
,,,,,,,,,,,,,,,,,,,,,,35TOM_PLV,35,TOM_P,LV,1,0.41351
,,,,,,,,,,,,,,,,,,,,,,36CAUL_PLA,36,CAUL_P,LA,1,0.65711
,,,,,,,,,,,,,,,,,,,,,,36CAUL_PLV,36,CAUL_P,LV,1,0.652198
,,,,,,,,,,,,,,,,,,,,,,36CEL_PLA,36,CEL_P,LA,1,0.168082
,,,,,,,,,,,,,,,,,,,,,,36CEL_PLV,36,CEL_P,LV,1,0.177454
,,,,,,,,,,,,,,,,,,,,,,36CUX_PLA,36,CUX_P,LA,1,0.219266
,,,,,,,,,,,,,,,,,,,,,,36CUX_PLV,36,CUX_P,LV,1,0.15704
,,,,,,,,,,,,,,,,,,,,,,36LET_PLA,36,LET_P,LA,1,1.13529
,,,,,,,,,,,,,,,,,,,,,,36LET_PLV,36,LET_P,LV,1,0.839174
,,,,,,,,,,,,,,,,,,,,,,36PEP_PLA,36,PEP_P,LA,1,0.690841
,,,,,,,,,,,,,,,,,,,,,,36PEP_PLV,36,PEP_P,LV,1,0.507476
,,,,,,,,,,,,,,,,,,,,,,36TOM_PLA,36,TOM_P,LA,1,0.446137
,,,,,,,,,,,,,,,,,,,,,,36TOM_PLV,36,TOM_P,LV,1,0.414629
,,,,,,,,,,,,,,,,,,,,,,37CAUL_PLA,37,CAUL_P,LA,1,0.651762
,,,,,,,,,,,,,,,,,,,,,,37CAUL_PLV,37,CAUL_P,LV,1,0.643814
,,,,,,,,,,,,,,,,,,,,,,37CEL_PLA,37,CEL_P,LA,1,0.159243
,,,,,,,,,,,,,,,,,,,,,,37CEL_PLV,37,CEL_P,LV,1,0.180939
,,,,,,,,,,,,,,,,,,,,,,37CUX_PLA,37,CUX_P,LA,1,0.304269
,,,,,,,,,,,,,,,,,,,,,,37CUX_PLV,37,CUX_P,LV,1,0.193298
,,,,,,,,,,,,,,,,,,,,,,37LET_PLA,37,LET_P,LA,1,1.26546
,,,,,,,,,,,,,,,,,,,,,,37LET_PLV,37,LET_P,LV,1,0.977358
,,,,,,,,,,,,,,,,,,,,,,37PEP_PLA,37,PEP_P,LA,1,0.746767
,,,,,,,,,,,,,,,,,,,,,,37PEP_PLV,37,PEP_P,LV,1,0.588562
,,,,,,,,,,,,,,,,,,,,,,37TOM_PLA,37,TOM_P,LA,1,0.533778
,,,,,,,,,,,,,,,,,,,,,,37TOM_PLV,37,TOM_P,LV,1,0.475528
,,,,,,,,,,,,,,,,,,,,,,38CAUL_PLA,38,CAUL_P,LA,1,0.639729
,,,,,,,,,,,,,,,,,,,,,,38CAUL_PLV,38,CAUL_P,LV,1,0.642315
,,,,,,,,,,,,,,,,,,,,,,38CEL_PLA,38,CEL_P,LA,1,0.166114
,,,,,,,,,,,,,,,,,,,,,,38CEL_PLV,38,CEL_P,LV,1,0.192245
,,,,,,,,,,,,,,,,,,,,,,38CUX_PLA,38,CUX_P,LA,1,0.289877
,,,,,,,,,,,,,,,,,,,,,,38CUX_PLV,38,CUX_P,LV,1,0.200031
,,,,,,,,,,,,,,,,,,,,,,38LET_PLA,38,LET_P,LA,1,1.44128
,,,,,,,,,,,,,,,,,,,,,,38LET_PLV,38,LET_P,LV,1,1.14163
,,,,,,,,,,,,,,,,,,,,,,38PEP_PLA,38,PEP_P,LA,1,0.703422
,,,,,,,,,,,,,,,,,,,,,,38PEP_PLV,38,PEP_P,LV,1,0.608582
,,,,,,,,,,,,,,,,,,,,,,38TOM_PLA,38,TOM_P,LA,1,0.578439
,,,,,,,,,,,,,,,,,,,,,,38TOM_PLV,38,TOM_P,LV,1,0.518243
,,,,,,,,,,,,,,,,,,,,,,39CAUL_PLA,39,CAUL_P,LA,1,0.6743
,,,,,,,,,,,,,,,,,,,,,,39CAUL_PLV,39,CAUL_P,LV,1,0.665154
,,,,,,,,,,,,,,,,,,,,,,39CEL_PLA,39,CEL_P,LA,1,0.173101
,,,,,,,,,,,,,,,,,,,,,,39CEL_PLV,39,CEL_P,LV,1,0.194885
,,,,,,,,,,,,,,,,,,,,,,39CUX_PLA,39,CUX_P,LA,1,0.261122
,,,,,,,,,,,,,,,,,,,,,,39CUX_PLV,39,CUX_P,LV,1,0.182435
,,,,,,,,,,,,,,,,,,,,,,39LET_PLA,39,LET_P,LA,1,1.42573
,,,,,,,,,,,,,,,,,,,,,,39LET_PLV,39,LET_P,LV,1,1.10989
,,,,,,,,,,,,,,,,,,,,,,39PEP_PLA,39,PEP_P,LA,1,0.669706
,,,,,,,,,,,,,,,,,,,,,,39PEP_PLV,39,PEP_P,LV,1,0.586004
,,,,,,,,,,,,,,,,,,,,,,39TOM_PLA,39,TOM_P,LA,1,0.677515
,,,,,,,,,,,,,,,,,,,,,,39TOM_PLV,39,TOM_P,LV,1,0.622563
,,,,,,,,,,,,,,,,,,,,,,40CAUL_PLA,40,CAUL_P,LA,1,0.724405
,,,,,,,,,,,,,,,,,,,,,,40CAUL_PLV,40,CAUL_P,LV,1,0.680487
,,,,,,,,,,,,,,,,,,,,,,40CEL_PLA,40,CEL_P,LA,1,0.176879
,,,,,,,,,,,,,,,,,,,,,,40CEL_PLV,40,CEL_P,LV,1,0.192107
,,,,,,,,,,,,,,,,,,,,,,40CUX_PLA,40,CUX_P,LA,1,0.218029
,,,,,,,,,,,,,,,,,,,,,,40CUX_PLV,40,CUX_P,LV,1,0.170417
,,,,,,,,,,,,,,,,,,,,,,40LET_PLA,40,LET_P,LA,1,1.59785
,,,,,,,,,,,,,,,,,,,,,,40LET_PLV,40,LET_P,LV,1,1.34113
,,,,,,,,,,,,,,,,,,,,,,40PEP_PLA,40,PEP_P,LA,1,0.727813
,,,,,,,,,,,,,,,,,,,,,,40PEP_PLV,40,PEP_P,LV,1,0.579274
,,,,,,,,,,,,,,,,,,,,,,40TOM_PLA,40,TOM_P,LA,1,0.726899
,,,,,,,,,,,,,,,,,,,,,,40TOM_PLV,40,TOM_P,LV,1,0.692958
,,,,,,,,,,,,,,,,,,,,,,41CAUL_PLA,41,CAUL_P,LA,1,0.766295
,,,,,,,,,,,,,,,,,,,,,,41CAUL_PLV,41,CAUL_P,LV,1,0.730047
,,,,,,,,,,,,,,,,,,,,,,41CEL_PLA,41,CEL_P,LA,1,0.162017
,,,,,,,,,,,,,,,,,,,,,,41CEL_PLV,41,CEL_P,LV,1,0.177178
,,,,,,,,,,,,,,,,,,,,,,41CUX_PLA,41,CUX_P,LA,1,0.183254
,,,,,,,,,,,,,,,,,,,,,,41CUX_PLV,41,CUX_P,LV,1,0.158672
,,,,,,,,,,,,,,,,,,,,,,41LET_PLA,41,LET_P,LA,1,1.77934
,,,,,,,,,,,,,,,,,,,,,,41LET_PLV,41,LET_P,LV,1,1.56485
,,,,,,,,,,,,,,,,,,,,,,41PEP_PLA,41,PEP_P,LA,1,0.889681
,,,,,,,,,,,,,,,,,,,,,,41PEP_PLV,41,PEP_P,LV,1,0.642704
,,,,,,,,,,,,,,,,,,,,,,41TOM_PLA,41,TOM_P,LA,1,0.728651
,,,,,,,,,,,,,,,,,,,,,,41TOM_PLV,41,TOM_P,LV,1,0.776906
,,,,,,,,,,,,,,,,,,,,,,42CAUL_PLA,42,CAUL_P,LA,1,0.776306
,,,,,,,,,,,,,,,,,,,,,,42CAUL_PLV,42,CAUL_P,LV,1,0.75906
,,,,,,,,,,,,,,,,,,,,,,42CEL_PLA,42,CEL_P,LA,1,0.161502
,,,,,,,,,,,,,,,,,,,,,,42CEL_PLV,42,CEL_P,LV,1,0.173593
,,,,,,,,,,,,,,,,,,,,,,42CUX_PLA,42,CUX_P,LA,1,0.175317
,,,,,,,,,,,,,,,,,,,,,,42CUX_PLV,42,CUX_P,LV,1,0.158814
,,,,,,,,,,,,,,,,,,,,,,42LET_PLA,42,LET_P,LA,1,2.09063
,,,,,,,,,,,,,,,,,,,,,,42LET_PLV,42,LET_P,LV,1,1.74379
,,,,,,,,,,,,,,,,,,,,,,42PEP_PLA,42,PEP_P,LA,1,0.879482
,,,,,,,,,,,,,,,,,,,,,,42PEP_PLV,42,PEP_P,LV,1,0.646225
,,,,,,,,,,,,,,,,,,,,,,42TOM_PLA,42,TOM_P,LA,1,0.799367
,,,,,,,,,,,,,,,,,,,,,,42TOM_PLV,42,TOM_P,LV,1,0.835353
,,,,,,,,,,,,,,,,,,,,,,43CAUL_PLA,43,CAUL_P,LA,1,0.717436
,,,,,,,,,,,,,,,,,,,,,,43CAUL_PLV,43,CAUL_P,LV,1,0.719429
,,,,,,,,,,,,,,,,,,,,,,43CEL_PLA,43,CEL_P,LA,1,0.171093
,,,,,,,,,,,,,,,,,,,,,,43CEL_PLV,43,CEL_P,LV,1,0.193158
,,,,,,,,,,,,,,,,,,,,,,43CUX_PLA,43,CUX_P,LA,1,0.155951
,,,,,,,,,,,,,,,,,,,,,,43CUX_PLV,43,CUX_P,LV,1,0.142793
,,,,,,,,,,,,,,,,,,,,,,43LET_PLA,43,LET_P,LA,1,1.78387
,,,,,,,,,,,,,,,,,,,,,,43LET_PLV,43,LET_P,LV,1,1.46498
,,,,,,,,,,,,,,,,,,,,,,43PEP_PLA,43,PEP_P,LA,1,0.732685
,,,,,,,,,,,,,,,,,,,,,,43PEP_PLV,43,PEP_P,LV,1,0.611016
,,,,,,,,,,,,,,,,,,,,,,43TOM_PLA,43,TOM_P,LA,1,0.666292
,,,,,,,,,,,,,,,,,,,,,,43TOM_PLV,43,TOM_P,LV,1,0.696747
,,,,,,,,,,,,,,,,,,,,,,44CAUL_PLA,44,CAUL_P,LA,1,0.68687
,,,,,,,,,,,,,,,,,,,,,,44CAUL_PLV,44,CAUL_P,LV,1,0.705575
,,,,,,,,,,,,,,,,,,,,,,44CEL_PLA,44,CEL_P,LA,1,0.211474
,,,,,,,,,,,,,,,,,,,,,,44CEL_PLV,44,CEL_P,LV,1,0.223745
,,,,,,,,,,,,,,,,,,,,,,44CUX_PLA,44,CUX_P,LA,1,0.133721
,,,,,,,,,,,,,,,,,,,,,,44CUX_PLV,44,CUX_P,LV,1,0.121835
,,,,,,,,,,,,,,,,,,,,,,44LET_PLA,44,LET_P,LA,1,2.08705
,,,,,,,,,,,,,,,,,,,,,,44LET_PLV,44,LET_P,LV,1,1.65353
,,,,,,,,,,,,,,,,,,,,,,44PEP_PLA,44,PEP_P,LA,1,0.784311
,,,,,,,,,,,,,,,,,,,,,,44PEP_PLV,44,PEP_P,LV,1,0.600901
,,,,,,,,,,,,,,,,,,,,,,44TOM_PLA,44,TOM_P,LA,1,0.643006
,,,,,,,,,,,,,,,,,,,,,,44TOM_PLV,44,TOM_P,LV,1,0.569555
,,,,,,,,,,,,,,,,,,,,,,45CAUL_PLA,45,CAUL_P,LA,1,0.767502
,,,,,,,,,,,,,,,,,,,,,,45CAUL_PLV,45,CAUL_P,LV,1,0.754504
,,,,,,,,,,,,,,,,,,,,,,45CEL_PLA,45,CEL_P,LA,1,0.256055
,,,,,,,,,,,,,,,,,,,,,,45CEL_PLV,45,CEL_P,LV,1,0.263941
,,,,,,,,,,,,,,,,,,,,,,45CUX_PLA,45,CUX_P,LA,1,0.131891
,,,,,,,,,,,,,,,,,,,,,,45CUX_PLV,45,CUX_P,LV,1,0.121217
,,,,,,,,,,,,,,,,,,,,,,45LET_PLA,45,LET_P,LA,1,2.16087
,,,,,,,,,,,,,,,,,,,,,,45LET_PLV,45,LET_P,LV,1,1.81392
,,,,,,,,,,,,,,,,,,,,,,45PEP_PLA,45,PEP_P,LA,1,0.793411
,,,,,,,,,,,,,,,,,,,,,,45PEP_PLV,45,PEP_P,LV,1,0.60048
,,,,,,,,,,,,,,,,,,,,,,45TOM_PLA,45,TOM_P,LA,1,0.71455
,,,,,,,,,,,,,,,,,,,,,,45TOM_PLV,45,TOM_P,LV,1,0.584066
,,,,,,,,,,,,,,,,,,,,,,46CAUL_PLA,46,CAUL_P,LA,1,0.773422
,,,,,,,,,,,,,,,,,,,,,,46CAUL_PLV,46,CAUL_P,LV,1,0.822439
,,,,,,,,,,,,,,,,,,,,,,46CEL_PLA,46,CEL_P,LA,1,0.243733
,,,,,,,,,,,,,,,,,,,,,,46CEL_PLV,46,CEL_P,LV,1,0.266172
,,,,,,,,,,,,,,,,,,,,,,46CUX_PLA,46,CUX_P,LA,1,0.135968
,,,,,,,,,,,,,,,,,,,,,,46CUX_PLV,46,CUX_P,LV,1,0.127158
,,,,,,,,,,,,,,,,,,,,,,46LET_PLA,46,LET_P,LA,1,2.21855
,,,,,,,,,,,,,,,,,,,,,,46LET_PLV,46,LET_P,LV,1,1.78123
,,,,,,,,,,,,,,,,,,,,,,46PEP_PLA,46,PEP_P,LA,1,0.74275
,,,,,,,,,,,,,,,,,,,,,,46PEP_PLV,46,PEP_P,LV,1,0.594753
,,,,,,,,,,,,,,,,,,,,,,46TOM_PLA,46,TOM_P,LA,1,0.827033
,,,,,,,,,,,,,,,,,,,,,,46TOM_PLV,46,TOM_P,LV,1,0.644016
,,,,,,,,,,,,,,,,,,,,,,47CAUL_PLA,47,CAUL_P,LA,1,0.775884
,,,,,,,,,,,,,,,,,,,,,,47CAUL_PLV,47,CAUL_P,LV,1,0.789946
,,,,,,,,,,,,,,,,,,,,,,47CEL_PLA,47,CEL_P,LA,1,0.231341
,,,,,,,,,,,,,,,,,,,,,,47CEL_PLV,47,CEL_P,LV,1,0.25666
,,,,,,,,,,,,,,,,,,,,,,47CUX_PLA,47,CUX_P,LA,1,0.148082
,,,,,,,,,,,,,,,,,,,,,,47CUX_PLV,47,CUX_P,LV,1,0.148038
,,,,,,,,,,,,,,,,,,,,,,47LET_PLA,47,LET_P,LA,1,2.06899
,,,,,,,,,,,,,,,,,,,,,,47LET_PLV,47,LET_P,LV,1,1.70638
,,,,,,,,,,,,,,,,,,,,,,47PEP_PLA,47,PEP_P,LA,1,0.864836
,,,,,,,,,,,,,,,,,,,,,,47PEP_PLV,47,PEP_P,LV,1,0.646889
,,,,,,,,,,,,,,,,,,,,,,47TOM_PLA,47,TOM_P,LA,1,0.987082
,,,,,,,,,,,,,,,,,,,,,,47TOM_PLV,47,TOM_P,LV,1,0.777402
,,,,,,,,,,,,,,,,,,,,,,48CAUL_PLA,48,CAUL_P,LA,1,0.88362
,,,,,,,,,,,,,,,,,,,,,,48CAUL_PLV,48,CAUL_P,LV,1,0.839741
,,,,,,,,,,,,,,,,,,,,,,48CEL_PLA,48,CEL_P,LA,1,0.192639
,,,,,,,,,,,,,,,,,,,,,,48CEL_PLV,48,CEL_P,LV,1,0.225026
,,,,,,,,,,,,,,,,,,,,,,48CUX_PLA,48,CUX_P,LA,1,0.183193
,,,,,,,,,,,,,,,,,,,,,,48CUX_PLV,48,CUX_P,LV,1,0.159586
,,,,,,,,,,,,,,,,,,,,,,48LET_PLA,48,LET_P,LA,1,1.83625
,,,,,,,,,,,,,,,,,,,,,,48LET_PLV,48,LET_P,LV,1,1.31772
,,,,,,,,,,,,,,,,,,,,,,48PEP_PLA,48,PEP_P,LA,1,0.868851
,,,,,,,,,,,,,,,,,,,,,,48PEP_PLV,48,PEP_P,LV,1,0.605855
,,,,,,,,,,,,,,,,,,,,,,48TOM_PLA,48,TOM_P,LA,1,0.772012
,,,,,,,,,,,,,,,,,,,,,,48TOM_PLV,48,TOM_P,LV,1,0.574021
,,,,,,,,,,,,,,,,,,,,,,49CAUL_PLA,49,CAUL_P,LA,1,0.76823
,,,,,,,,,,,,,,,,,,,,,,49CAUL_PLV,49,CAUL_P,LV,1,0.809583
,,,,,,,,,,,,,,,,,,,,,,49CEL_PLA,49,CEL_P,LA,1,0.28087
,,,,,,,,,,,,,,,,,,,,,,49CEL_PLV,49,CEL_P,LV,1,0.261722
,,,,,,,,,,,,,,,,,,,,,,49CUX_PLA,49,CUX_P,LA,1,0.1929
,,,,,,,,,,,,,,,,,,,,,,49CUX_PLV,49,CUX_P,LV,1,0.185821
,,,,,,,,,,,,,,,,,,,,,,49LET_PLA,49,LET_P,LA,1,1.29628
,,,,,,,,,,,,,,,,,,,,,,49LET_PLV,49,LET_P,LV,1,0.918464
,,,,,,,,,,,,,,,,,,,,,,49PEP_PLA,49,PEP_P,LA,1,0.872097
,,,,,,,,,,,,,,,,,,,,,,49PEP_PLV,49,PEP_P,LV,1,0.583735
,,,,,,,,,,,,,,,,,,,,,,49TOM_PLA,49,TOM_P,LA,1,0.741225
,,,,,,,,,,,,,,,,,,,,,,49TOM_PLV,49,TOM_P,LV,1,0.573885
,,,,,,,,,,,,,,,,,,,,,,50CAUL_PLA,50,CAUL_P,LA,1,0.663478
,,,,,,,,,,,,,,,,,,,,,,50CAUL_PLV,50,CAUL_P,LV,1,0.690689
,,,,,,,,,,,,,,,,,,,,,,50CEL_PLA,50,CEL_P,LA,1,0.337539
,,,,,,,,,,,,,,,,,,,,,,50CEL_PLV,50,CEL_P,LV,1,0.301915
,,,,,,,,,,,,,,,,,,,,,,50CUX_PLA,50,CUX_P,LA,1,0.187914
,,,,,,,,,,,,,,,,,,,,,,50CUX_PLV,50,CUX_P,LV,1,0.164573
,,,,,,,,,,,,,,,,,,,,,,50LET_PLA,50,LET_P,LA,1,0.861059
,,,,,,,,,,,,,,,,,,,,,,50LET_PLV,50,LET_P,LV,1,0.683368
,,,,,,,,,,,,,,,,,,,,,,50PEP_PLA,50,PEP_P,LA,1,0.893139
,,,,,,,,,,,,,,,,,,,,,,50PEP_PLV,50,PEP_P,LV,1,0.597778
,,,,,,,,,,,,,,,,,,,,,,50TOM_PLA,50,TOM_P,LA,1,0.912217
,,,,,,,,,,,,,,,,,,,,,,50TOM_PLV,50,TOM_P,LV,1,0.620848
,,,,,,,,,,,,,,,,,,,,,,51CAUL_PLA,51,CAUL_P,LA,1,0.710283
,,,,,,,,,,,,,,,,,,,,,,51CAUL_PLV,51,CAUL_P,LV,1,0.704241
,,,,,,,,,,,,,,,,,,,,,,51CEL_PLA,51,CEL_P,LA,1,0.32555
,,,,,,,,,,,,,,,,,,,,,,51CEL_PLV,51,CEL_P,LV,1,0.289326
,,,,,,,,,,,,,,,,,,,,,,51CUX_PLA,51,CUX_P,LA,1,0.181304
,,,,,,,,,,,,,,,,,,,,,,51CUX_PLV,51,CUX_P,LV,1,0.139282
,,,,,,,,,,,,,,,,,,,,,,51LET_PLA,51,LET_P,LA,1,0.68045
,,,,,,,,,,,,,,,,,,,,,,51LET_PLV,51,LET_P,LV,1,0.559766
,,,,,,,,,,,,,,,,,,,,,,51PEP_PLA,51,PEP_P,LA,1,0.796285
,,,,,,,,,,,,,,,,,,,,,,51PEP_PLV,51,PEP_P,LV,1,0.561843
,,,,,,,,,,,,,,,,,,,,,,51TOM_PLA,51,TOM_P,LA,1,0.813489
,,,,,,,,,,,,,,,,,,,,,,51TOM_PLV,51,TOM_P,LV,1,0.678378
,,,,,,,,,,,,,,,,,,,,,,52CAUL_PLA,52,CAUL_P,LA,1,0.685989
,,,,,,,,,,,,,,,,,,,,,,52CAUL_PLV,52,CAUL_P,LV,1,0.694998
,,,,,,,,,,,,,,,,,,,,,,52CEL_PLA,52,CEL_P,LA,1,0.309416
,,,,,,,,,,,,,,,,,,,,,,52CEL_PLV,52,CEL_P,LV,1,0.290458
,,,,,,,,,,,,,,,,,,,,,,52CUX_PLA,52,CUX_P,LA,1,0.250739
,,,,,,,,,,,,,,,,,,,,,,52CUX_PLV,52,CUX_P,LV,1,0.191347
,,,,,,,,,,,,,,,,,,,,,,52LET_PLA,52,LET_P,LA,1,0.572776
,,,,,,,,,,,,,,,,,,,,,,52LET_PLV,52,LET_P,LV,1,0.481757
,,,,,,,,,,,,,,,,,,,,,,52PEP_PLA,52,PEP_P,LA,1,0.991098
,,,,,,,,,,,,,,,,,,,,,,52PEP_PLV,52,PEP_P,LV,1,0.79659
,,,,,,,,,,,,,,,,,,,,,,52TOM_PLA,52,TOM_P,LA,1,2.18571
,,,,,,,,,,,,,,,,,,,,,,52TOM_PLV,52,TOM_P,LV,1,1.80407
,,,,,,,,,,,,,,,,,,,,,,53CAUL_PLA,53,CAUL_P,LA,1,0.687099
,,,,,,,,,,,,,,,,,,,,,,53CAUL_PLV,53,CAUL_P,LV,1,0.68216
,,,,,,,,,,,,,,,,,,,,,,53CEL_PLA,53,CEL_P,LA,1,0.387251
,,,,,,,,,,,,,,,,,,,,,,53CEL_PLV,53,CEL_P,LV,1,0.403376
,,,,,,,,,,,,,,,,,,,,,,53CUX_PLA,53,CUX_P,LA,1,0.272328
,,,,,,,,,,,,,,,,,,,,,,53CUX_PLV,53,CUX_P,LV,1,0.201156
,,,,,,,,,,,,,,,,,,,,,,53LET_PLA,53,LET_P,LA,1,0.712942
,,,,,,,,,,,,,,,,,,,,,,53LET_PLV,53,LET_P,LV,1,0.589882
,,,,,,,,,,,,,,,,,,,,,,53PEP_PLA,53,PEP_P,LA,1,0.958996
,,,,,,,,,,,,,,,,,,,,,,53PEP_PLV,53,PEP_P,LV,1,0.839947
,,,,,,,,,,,,,,,,,,,,,,53TOM_PLA,53,TOM_P,LA,1,2.13732
,,,,,,,,,,,,,,,,,,,,,,53TOM_PLV,53,TOM_P,LV,1,1.72269
,,,,,,,,,,,,,,,,,,,,,,54CAUL_PLA,54,CAUL_P,LA,1,0.894864
,,,,,,,,,,,,,,,,,,,,,,54CAUL_PLV,54,CAUL_P,LV,1,0.799599
,,,,,,,,,,,,,,,,,,,,,,54CEL_PLA,54,CEL_P,LA,1,0.603725
,,,,,,,,,,,,,,,,,,,,,,54CEL_PLV,54,CEL_P,LV,1,0.520441
,,,,,,,,,,,,,,,,,,,,,,54CUX_PLA,54,CUX_P,LA,1,0.307093
,,,,,,,,,,,,,,,,,,,,,,54CUX_PLV,54,CUX_P,LV,1,0.242415
,,,,,,,,,,,,,,,,,,,,,,54LET_PLA,54,LET_P,LA,1,0.72095
,,,,,,,,,,,,,,,,,,,,,,54LET_PLV,54,LET_P,LV,1,0.661395
,,,,,,,,,,,,,,,,,,,,,,54PEP_PLA,54,PEP_P,LA,1,0.843306
,,,,,,,,,,,,,,,,,,,,,,54PEP_PLV,54,PEP_P,LV,1,0.831233
,,,,,,,,,,,,,,,,,,,,,,54TOM_PLA,54,TOM_P,LA,1,2.12872
,,,,,,,,,,,,,,,,,,,,,,54TOM_PLV,54,TOM_P,LV,1,1.54195
,,,,,,,,,,,,,,,,,,,,,,55CAUL_PLA,55,CAUL_P,LA,1,0.90915
,,,,,,,,,,,,,,,,,,,,,,55CAUL_PLV,55,CAUL_P,LV,1,0.762445
,,,,,,,,,,,,,,,,,,,,,,55CEL_PLA,55,CEL_P,LA,1,0.526086
,,,,,,,,,,,,,,,,,,,,,,55CEL_PLV,55,CEL_P,LV,1,0.507206
,,,,,,,,,,,,,,,,,,,,,,55CUX_PLA,55,CUX_P,LA,1,0.338699
,,,,,,,,,,,,,,,,,,,,,,55CUX_PLV,55,CUX_P,LV,1,0.284687
,,,,,,,,,,,,,,,,,,,,,,55LET_PLA,55,LET_P,LA,1,0.684643
,,,,,,,,,,,,,,,,,,,,,,55LET_PLV,55,LET_P,LV,1,0.571293
,,,,,,,,,,,,,,,,,,,,,,55PEP_PLA,55,PEP_P,LA,1,0.838884
,,,,,,,,,,,,,,,,,,,,,,55PEP_PLV,55,PEP_P,LV,1,0.703776
,,,,,,,,,,,,,,,,,,,,,,55TOM_PLA,55,TOM_P,LA,1,1.38071
,,,,,,,,,,,,,,,,,,,,,,55TOM_PLV,55,TOM_P,LV,1,1.11405
,,,,,,,,,,,,,,,,,,,,,,56CAUL_PLA,56,CAUL_P,LA,1,0.811184
,,,,,,,,,,,,,,,,,,,,,,56CAUL_PLV,56,CAUL_P,LV,1,0.738583
,,,,,,,,,,,,,,,,,,,,,,56CEL_PLA,56,CEL_P,LA,1,0.45798
,,,,,,,,,,,,,,,,,,,,,,56CEL_PLV,56,CEL_P,LV,1,0.480929
,,,,,,,,,,,,,,,,,,,,,,56CUX_PLA,56,CUX_P,LA,1,0.234957
,,,,,,,,,,,,,,,,,,,,,,56CUX_PLV,56,CUX_P,LV,1,0.25372
,,,,,,,,,,,,,,,,,,,,,,56LET_PLA,56,LET_P,LA,1,0.588578
,,,,,,,,,,,,,,,,,,,,,,56LET_PLV,56,LET_P,LV,1,0.525185
,,,,,,,,,,,,,,,,,,,,,,56PEP_PLA,56,PEP_P,LA,1,0.752954
,,,,,,,,,,,,,,,,,,,,,,56PEP_PLV,56,PEP_P,LV,1,0.623629
,,,,,,,,,,,,,,,,,,,,,,56TOM_PLA,56,TOM_P,LA,1,1.11241
,,,,,,,,,,,,,,,,,,,,,,56TOM_PLV,56,TOM_P,LV,1,1.00984
,,,,,,,,,,,,,,,,,,,,,,57CAUL_PLA,57,CAUL_P,LA,1,0.667975
,,,,,,,,,,,,,,,,,,,,,,57CAUL_PLV,57,CAUL_P,LV,1,0.655874
,,,,,,,,,,,,,,,,,,,,,,57CEL_PLA,57,CEL_P,LA,1,0.431813
,,,,,,,,,,,,,,,,,,,,,,57CEL_PLV,57,CEL_P,LV,1,0.402327
,,,,,,,,,,,,,,,,,,,,,,57CUX_PLA,57,CUX_P,LA,1,0.194255
,,,,,,,,,,,,,,,,,,,,,,57CUX_PLV,57,CUX_P,LV,1,0.152637
,,,,,,,,,,,,,,,,,,,,,,57LET_PLA,57,LET_P,LA,1,0.514828
,,,,,,,,,,,,,,,,,,,,,,57LET_PLV,57,LET_P,LV,1,0.466901
,,,,,,,,,,,,,,,,,,,,,,57PEP_PLA,57,PEP_P,LA,1,0.612357
,,,,,,,,,,,,,,,,,,,,,,57PEP_PLV,57,PEP_P,LV,1,0.53291
,,,,,,,,,,,,,,,,,,,,,,57TOM_PLA,57,TOM_P,LA,1,0.860157
,,,,,,,,,,,,,,,,,,,,,,57TOM_PLV,57,TOM_P,LV,1,0.677498
,,,,,,,,,,,,,,,,,,,,,,58CAUL_PLA,58,CAUL_P,LA,1,0.974581
,,,,,,,,,,,,,,,,,,,,,,58CAUL_PLV,58,CAUL_P,LV,1,0.773134
,,,,,,,,,,,,,,,,,,,,,,58CEL_PLA,58,CEL_P,LA,1,0.489897
,,,,,,,,,,,,,,,,,,,,,,58CEL_PLV,58,CEL_P,LV,1,0.464572
,,,,,,,,,,,,,,,,,,,,,,58CUX_PLA,58,CUX_P,LA,1,0.22383
,,,,,,,,,,,,,,,,,,,,,,58CUX_PLV,58,CUX_P,LV,1,0.204733
,,,,,,,,,,,,,,,,,,,,,,58LET_PLA,58,LET_P,LA,1,0.507599
,,,,,,,,,,,,,,,,,,,,,,58LET_PLV,58,LET_P,LV,1,0.473269
,,,,,,,,,,,,,,,,,,,,,,58PEP_PLA,58,PEP_P,LA,1,0.588335
,,,,,,,,,,,,,,,,,,,,,,58PEP_PLV,58,PEP_P,LV,1,0.479659
,,,,,,,,,,,,,,,,,,,,,,58TOM_PLA,58,TOM_P,LA,1,0.826818
,,,,,,,,,,,,,,,,,,,,,,58TOM_PLV,58,TOM_P,LV,1,0.687028
,,,,,,,,,,,,,,,,,,,,,,59CAUL_PLA,59,CAUL_P,LA,1,1.02911
,,,,,,,,,,,,,,,,,,,,,,59CAUL_PLV,59,CAUL_P,LV,1,0.849313
,,,,,,,,,,,,,,,,,,,,,,59CEL_PLA,59,CEL_P,LA,1,0.526263
,,,,,,,,,,,,,,,,,,,,,,59CEL_PLV,59,CEL_P,LV,1,0.476451
,,,,,,,,,,,,,,,,,,,,,,59CUX_PLA,59,CUX_P,LA,1,0.240927
,,,,,,,,,,,,,,,,,,,,,,59CUX_PLV,59,CUX_P,LV,1,0.188968
,,,,,,,,,,,,,,,,,,,,,,59LET_PLA,59,LET_P,LA,1,0.521907
,,,,,,,,,,,,,,,,,,,,,,59LET_PLV,59,LET_P,LV,1,0.497023
,,,,,,,,,,,,,,,,,,,,,,59PEP_PLA,59,PEP_P,LA,1,0.495471
,,,,,,,,,,,,,,,,,,,,,,59PEP_PLV,59,PEP_P,LV,1,0.398578
,,,,,,,,,,,,,,,,,,,,,,59TOM_PLA,59,TOM_P,LA,1,1.50956
,,,,,,,,,,,,,,,,,,,,,,59TOM_PLV,59,TOM_P,LV,1,0.997162
,,,,,,,,,,,,,,,,,,,,,,60CAUL_PLA,60,CAUL_P,LA,1,1.10992
,,,,,,,,,,,,,,,,,,,,,,60CAUL_PLV,60,CAUL_P,LV,1,0.905324
,,,,,,,,,,,,,,,,,,,,,,60CEL_PLA,60,CEL_P,LA,1,0.559411
,,,,,,,,,,,,,,,,,,,,,,60CEL_PLV,60,CEL_P,LV,1,0.472577
,,,,,,,,,,,,,,,,,,,,,,60CUX_PLA,60,CUX_P,LA,1,0.313428
,,,,,,,,,,,,,,,,,,,,,,60CUX_PLV,60,CUX_P,LV,1,0.21601
,,,,,,,,,,,,,,,,,,,,,,60LET_PLA,60,LET_P,LA,1,0.530529
,,,,,,,,,,,,,,,,,,,,,,60LET_PLV,60,LET_P,LV,1,0.511138
,,,,,,,,,,,,,,,,,,,,,,60PEP_PLA,60,PEP_P,LA,1,0.567915
,,,,,,,,,,,,,,,,,,,,,,60PEP_PLV,60,PEP_P,LV,1,0.431876
,,,,,,,,,,,,,,,,,,,,,,60TOM_PLA,60,TOM_P,LA,1,1.52271
,,,,,,,,,,,,,,,,,,,,,,60TOM_PLV,60,TOM_P,LV,1,1.03516
,,,,,,,,,,,,,,,,,,,,,,61CAUL_PLA,61,CAUL_P,LA,1,0.923023
,,,,,,,,,,,,,,,,,,,,,,61CAUL_PLV,61,CAUL_P,LV,1,0.876878
,,,,,,,,,,,,,,,,,,,,,,61CEL_PLA,61,CEL_P,LA,1,0.544033
,,,,,,,,,,,,,,,,,,,,,,61CEL_PLV,61,CEL_P,LV,1,0.457586
,,,,,,,,,,,,,,,,,,,,,,61CUX_PLA,61,CUX_P,LA,1,0.230685
,,,,,,,,,,,,,,,,,,,,,,61CUX_PLV,61,CUX_P,LV,1,0.193171
,,,,,,,,,,,,,,,,,,,,,,61LET_PLA,61,LET_P,LA,1,0.510329
,,,,,,,,,,,,,,,,,,,,,,61LET_PLV,61,LET_P,LV,1,0.559821
,,,,,,,,,,,,,,,,,,,,,,61PEP_PLA,61,PEP_P,LA,1,0.740866
,,,,,,,,,,,,,,,,,,,,,,61PEP_PLV,61,PEP_P,LV,1,0.614099
,,,,,,,,,,,,,,,,,,,,,,61TOM_PLA,61,TOM_P,LA,1,0.554118
,,,,,,,,,,,,,,,,,,,,,,61TOM_PLV,61,TOM_P,LV,1,0.681376
,,,,,,,,,,,,,,,,,,,,,,62CAUL_PLA,62,CAUL_P,LA,1,0.769206
,,,,,,,,,,,,,,,,,,,,,,62CAUL_PLV,62,CAUL_P,LV,1,0.700403
,,,,,,,,,,,,,,,,,,,,,,62CEL_PLA,62,CEL_P,LA,1,0.528968
,,,,,,,,,,,,,,,,,,,,,,62CEL_PLV,62,CEL_P,LV,1,0.501771
,,,,,,,,,,,,,,,,,,,,,,62CUX_PLA,62,CUX_P,LA,1,0.21643
,,,,,,,,,,,,,,,,,,,,,,62CUX_PLV,62,CUX_P,LV,1,0.177511
,,,,,,,,,,,,,,,,,,,,,,62LET_PLA,62,LET_P,LA,1,0.584839
,,,,,,,,,,,,,,,,,,,,,,62LET_PLV,62,LET_P,LV,1,0.481422
,,,,,,,,,,,,,,,,,,,,,,62PEP_PLA,62,PEP_P,LA,1,0.975374
,,,,,,,,,,,,,,,,,,,,,,62PEP_PLV,62,PEP_P,LV,1,0.796894
,,,,,,,,,,,,,,,,,,,,,,62TOM_PLA,62,TOM_P,LA,1,0.559193
,,,,,,,,,,,,,,,,,,,,,,62TOM_PLV,62,TOM_P,LV,1,0.592964
,,,,,,,,,,,,,,,,,,,,,,63CAUL_PLA,63,CAUL_P,LA,1,0.881478
,,,,,,,,,,,,,,,,,,,,,,63CAUL_PLV,63,CAUL_P,LV,1,0.779047
,,,,,,,,,,,,,,,,,,,,,,63CEL_PLA,63,CEL_P,LA,1,0.54751
,,,,,,,,,,,,,,,,,,,,,,63CEL_PLV,63,CEL_P,LV,1,0.573119
,,,,,,,,,,,,,,,,,,,,,,63CUX_PLA,63,CUX_P,LA,1,0.383642
,,,,,,,,,,,,,,,,,,,,,,63CUX_PLV,63,CUX_P,LV,1,0.248951
,,,,,,,,,,,,,,,,,,,,,,63LET_PLA,63,LET_P,LA,1,0.625238
,,,,,,,,,,,,,,,,,,,,,,63LET_PLV,63,LET_P,LV,1,0.528522
,,,,,,,,,,,,,,,,,,,,,,63PEP_PLA,63,PEP_P,LA,1,0.809191
,,,,,,,,,,,,,,,,,,,,,,63PEP_PLV,63,PEP_P,LV,1,0.665624
,,,,,,,,,,,,,,,,,,,,,,63TOM_PLA,63,TOM_P,LA,1,0.81077
,,,,,,,,,,,,,,,,,,,,,,63TOM_PLV,63,TOM_P,LV,1,0.634224
,,,,,,,,,,,,,,,,,,,,,,64CAUL_PLA,64,CAUL_P,LA,1,0.766451
,,,,,,,,,,,,,,,,,,,,,,64CAUL_PLV,64,CAUL_P,LV,1,0.723973
,,,,,,,,,,,,,,,,,,,,,,64CEL_PLA,64,CEL_P,LA,1,0.691618
,,,,,,,,,,,,,,,,,,,,,,64CEL_PLV,64,CEL_P,LV,1,0.594431
,,,,,,,,,,,,,,,,,,,,,,64CUX_PLA,64,CUX_P,LA,1,0.245912
,,,,,,,,,,,,,,,,,,,,,,64CUX_PLV,64,CUX_P,LV,1,0.239808
,,,,,,,,,,,,,,,,,,,,,,64LET_PLA,64,LET_P,LA,1,0.646625
,,,,,,,,,,,,,,,,,,,,,,64LET_PLV,64,LET_P,LV,1,0.581363
,,,,,,,,,,,,,,,,,,,,,,64PEP_PLA,64,PEP_P,LA,1,0.59552
,,,,,,,,,,,,,,,,,,,,,,64PEP_PLV,64,PEP_P,LV,1,0.580212
,,,,,,,,,,,,,,,,,,,,,,64TOM_PLA,64,TOM_P,LA,1,0.592973
,,,,,,,,,,,,,,,,,,,,,,64TOM_PLV,64,TOM_P,LV,1,0.450376
,,,,,,,,,,,,,,,,,,,,,,65CAUL_PLA,65,CAUL_P,LA,1,0.736308
,,,,,,,,,,,,,,,,,,,,,,65CAUL_PLV,65,CAUL_P,LV,1,0.671153
,,,,,,,,,,,,,,,,,,,,,,65CEL_PLA,65,CEL_P,LA,1,0.622148
,,,,,,,,,,,,,,,,,,,,,,65CEL_PLV,65,CEL_P,LV,1,0.507112
,,,,,,,,,,,,,,,,,,,,,,65CUX_PLA,65,CUX_P,LA,1,0.199244
,,,,,,,,,,,,,,,,,,,,,,65CUX_PLV,65,CUX_P,LV,1,0.163231
,,,,,,,,,,,,,,,,,,,,,,65LET_PLA,65,LET_P,LA,1,0.620302
,,,,,,,,,,,,,,,,,,,,,,65LET_PLV,65,LET_P,LV,1,0.543373
,,,,,,,,,,,,,,,,,,,,,,65PEP_PLA,65,PEP_P,LA,1,0.575775
,,,,,,,,,,,,,,,,,,,,,,65PEP_PLV,65,PEP_P,LV,1,0.515398
,,,,,,,,,,,,,,,,,,,,,,65TOM_PLA,65,TOM_P,LA,1,0.461111
,,,,,,,,,,,,,,,,,,,,,,65TOM_PLV,65,TOM_P,LV,1,0.383701
,,,,,,,,,,,,,,,,,,,,,,66CAUL_PLA,66,CAUL_P,LA,1,0.902375
,,,,,,,,,,,,,,,,,,,,,,66CAUL_PLV,66,CAUL_P,LV,1,0.812601
,,,,,,,,,,,,,,,,,,,,,,66CEL_PLA,66,CEL_P,LA,1,0.629288
,,,,,,,,,,,,,,,,,,,,,,66CEL_PLV,66,CEL_P,LV,1,0.523657
,,,,,,,,,,,,,,,,,,,,,,66CUX_PLA,66,CUX_P,LA,1,0.176106
,,,,,,,,,,,,,,,,,,,,,,66CUX_PLV,66,CUX_P,LV,1,0.155791
,,,,,,,,,,,,,,,,,,,,,,66LET_PLA,66,LET_P,LA,1,0.686389
,,,,,,,,,,,,,,,,,,,,,,66LET_PLV,66,LET_P,LV,1,0.573202
,,,,,,,,,,,,,,,,,,,,,,66PEP_PLA,66,PEP_P,LA,1,0.668019
,,,,,,,,,,,,,,,,,,,,,,66PEP_PLV,66,PEP_P,LV,1,0.533272
,,,,,,,,,,,,,,,,,,,,,,66TOM_PLA,66,TOM_P,LA,1,0.426923
,,,,,,,,,,,,,,,,,,,,,,66TOM_PLV,66,TOM_P,LV,1,0.327923
,,,,,,,,,,,,,,,,,,,,,,67CAUL_PLA,67,CAUL_P,LA,1,0.807787
,,,,,,,,,,,,,,,,,,,,,,67CAUL_PLV,67,CAUL_P,LV,1,0.721567
,,,,,,,,,,,,,,,,,,,,,,67CEL_PLA,67,CEL_P,LA,1,0.569171
,,,,,,,,,,,,,,,,,,,,,,67CEL_PLV,67,CEL_P,LV,1,0.489413
,,,,,,,,,,,,,,,,,,,,,,67CUX_PLA,67,CUX_P,LA,1,0.181849
,,,,,,,,,,,,,,,,,,,,,,67CUX_PLV,67,CUX_P,LV,1,0.140767
,,,,,,,,,,,,,,,,,,,,,,67LET_PLA,67,LET_P,LA,1,0.634759
,,,,,,,,,,,,,,,,,,,,,,67LET_PLV,67,LET_P,LV,1,0.515063
,,,,,,,,,,,,,,,,,,,,,,67PEP_PLA,67,PEP_P,LA,1,0.581411
,,,,,,,,,,,,,,,,,,,,,,67PEP_PLV,67,PEP_P,LV,1,0.496516
,,,,,,,,,,,,,,,,,,,,,,67TOM_PLA,67,TOM_P,LA,1,0.513216
,,,,,,,,,,,,,,,,,,,,,,67TOM_PLV,67,TOM_P,LV,1,0.424703
,,,,,,,,,,,,,,,,,,,,,,68CAUL_PLA,68,CAUL_P,LA,1,0.758568
,,,,,,,,,,,,,,,,,,,,,,68CAUL_PLV,68,CAUL_P,LV,1,0.696291
,,,,,,,,,,,,,,,,,,,,,,68CEL_PLA,68,CEL_P,LA,1,0.555585
,,,,,,,,,,,,,,,,,,,,,,68CEL_PLV,68,CEL_P,LV,1,0.462033
,,,,,,,,,,,,,,,,,,,,,,68CUX_PLA,68,CUX_P,LA,1,0.155667
,,,,,,,,,,,,,,,,,,,,,,68CUX_PLV,68,CUX_P,LV,1,0.12275
,,,,,,,,,,,,,,,,,,,,,,68LET_PLA,68,LET_P,LA,1,0.570225
,,,,,,,,,,,,,,,,,,,,,,68LET_PLV,68,LET_P,LV,1,0.498209
,,,,,,,,,,,,,,,,,,,,,,68PEP_PLA,68,PEP_P,LA,1,0.649655
,,,,,,,,,,,,,,,,,,,,,,68PEP_PLV,68,PEP_P,LV,1,0.488858
,,,,,,,,,,,,,,,,,,,,,,68TOM_PLA,68,TOM_P,LA,1,0.596422
,,,,,,,,,,,,,,,,,,,,,,68TOM_PLV,68,TOM_P,LV,1,0.542284
,,,,,,,,,,,,,,,,,,,,,,69CAUL_PLA,69,CAUL_P,LA,1,1.01098
,,,,,,,,,,,,,,,,,,,,,,69CAUL_PLV,69,CAUL_P,LV,1,0.780819
,,,,,,,,,,,,,,,,,,,,,,69CEL_PLA,69,CEL_P,LA,1,0.461175
,,,,,,,,,,,,,,,,,,,,,,69CEL_PLV,69,CEL_P,LV,1,0.446431
,,,,,,,,,,,,,,,,,,,,,,69CUX_PLA,69,CUX_P,LA,1,0.144493
,,,,,,,,,,,,,,,,,,,,,,69CUX_PLV,69,CUX_P,LV,1,0.116504
,,,,,,,,,,,,,,,,,,,,,,69LET_PLA,69,LET_P,LA,1,0.492029
,,,,,,,,,,,,,,,,,,,,,,69LET_PLV,69,LET_P,LV,1,0.463329
,,,,,,,,,,,,,,,,,,,,,,69PEP_PLA,69,PEP_P,LA,1,0.673931
,,,,,,,,,,,,,,,,,,,,,,69PEP_PLV,69,PEP_P,LV,1,0.621743
,,,,,,,,,,,,,,,,,,,,,,69TOM_PLA,69,TOM_P,LA,1,0.744152
,,,,,,,,,,,,,,,,,,,,,,69TOM_PLV,69,TOM_P,LV,1,0.633376
,,,,,,,,,,,,,,,,,,,,,,70CAUL_PLA,70,CAUL_P,LA,1,1.07057
,,,,,,,,,,,,,,,,,,,,,,70CAUL_PLV,70,CAUL_P,LV,1,0.86689
,,,,,,,,,,,,,,,,,,,,,,70CEL_PLA,70,CEL_P,LA,1,0.41747
,,,,,,,,,,,,,,,,,,,,,,70CEL_PLV,70,CEL_P,LV,1,0.358618
,,,,,,,,,,,,,,,,,,,,,,70CUX_PLA,70,CUX_P,LA,1,0.128963
,,,,,,,,,,,,,,,,,,,,,,70CUX_PLV,70,CUX_P,LV,1,0.108095
,,,,,,,,,,,,,,,,,,,,,,70LET_PLA,70,LET_P,LA,1,0.514068
,,,,,,,,,,,,,,,,,,,,,,70LET_PLV,70,LET_P,LV,1,0.45509
,,,,,,,,,,,,,,,,,,,,,,70PEP_PLA,70,PEP_P,LA,1,0.689892
,,,,,,,,,,,,,,,,,,,,,,70PEP_PLV,70,PEP_P,LV,1,0.617514
,,,,,,,,,,,,,,,,,,,,,,70TOM_PLA,70,TOM_P,LA,1,0.956072
,,,,,,,,,,,,,,,,,,,,,,70TOM_PLV,70,TOM_P,LV,1,0.800081
,,,,,,,,,,,,,,,,,,,,,,71CAUL_PLA,71,CAUL_P,LA,1,1.21604
,,,,,,,,,,,,,,,,,,,,,,71CAUL_PLV,71,CAUL_P,LV,1,0.962107
,,,,,,,,,,,,,,,,,,,,,,71CEL_PLA,71,CEL_P,LA,1,0.439042
,,,,,,,,,,,,,,,,,,,,,,71CEL_PLV,71,CEL_P,LV,1,0.36441
,,,,,,,,,,,,,,,,,,,,,,71CUX_PLA,71,CUX_P,LA,1,0.120126
,,,,,,,,,,,,,,,,,,,,,,71CUX_PLV,71,CUX_P,LV,1,0.0981952
,,,,,,,,,,,,,,,,,,,,,,71LET_PLA,71,LET_P,LA,1,0.54518
,,,,,,,,,,,,,,,,,,,,,,71LET_PLV,71,LET_P,LV,1,0.469913
,,,,,,,,,,,,,,,,,,,,,,71PEP_PLA,71,PEP_P,LA,1,0.701146
,,,,,,,,,,,,,,,,,,,,,,71PEP_PLV,71,PEP_P,LV,1,0.628308
,,,,,,,,,,,,,,,,,,,,,,71TOM_PLA,71,TOM_P,LA,1,0.93345
,,,,,,,,,,,,,,,,,,,,,,71TOM_PLV,71,TOM_P,LV,1,0.733459
,,,,,,,,,,,,,,,,,,,,,,72CAUL_PLA,72,CAUL_P,LA,1,1.02799
,,,,,,,,,,,,,,,,,,,,,,72CAUL_PLV,72,CAUL_P,LV,1,0.844062
,,,,,,,,,,,,,,,,,,,,,,72CEL_PLA,72,CEL_P,LA,1,0.439949
,,,,,,,,,,,,,,,,,,,,,,72CEL_PLV,72,CEL_P,LV,1,0.383357
,,,,,,,,,,,,,,,,,,,,,,72CUX_PLA,72,CUX_P,LA,1,0.125274
,,,,,,,,,,,,,,,,,,,,,,72CUX_PLV,72,CUX_P,LV,1,0.102969
,,,,,,,,,,,,,,,,,,,,,,72LET_PLA,72,LET_P,LA,1,0.545774
,,,,,,,,,,,,,,,,,,,,,,72LET_PLV,72,LET_P,LV,1,0.479613
,,,,,,,,,,,,,,,,,,,,,,72PEP_PLA,72,PEP_P,LA,1,0.704333
,,,,,,,,,,,,,,,,,,,,,,72PEP_PLV,72,PEP_P,LV,1,0.662026
,,,,,,,,,,,,,,,,,,,,,,72TOM_PLA,72,TOM_P,LA,1,0.697539
,,,,,,,,,,,,,,,,,,,,,,72TOM_PLV,72,TOM_P,LV,1,0.580709
,,,,,,,,,,,,,,,,,,,,,,73CAUL_PLA,73,CAUL_P,LA,1,0.840686
,,,,,,,,,,,,,,,,,,,,,,73CAUL_PLV,73,CAUL_P,LV,1,0.710885
,,,,,,,,,,,,,,,,,,,,,,73CEL_PLA,73,CEL_P,LA,1,0.47427
,,,,,,,,,,,,,,,,,,,,,,73CEL_PLV,73,CEL_P,LV,1,0.420378
,,,,,,,,,,,,,,,,,,,,,,73CUX_PLA,73,CUX_P,LA,1,0.125348
,,,,,,,,,,,,,,,,,,,,,,73CUX_PLV,73,CUX_P,LV,1,0.100037
,,,,,,,,,,,,,,,,,,,,,,73LET_PLA,73,LET_P,LA,1,0.543248
,,,,,,,,,,,,,,,,,,,,,,73LET_PLV,73,LET_P,LV,1,0.510383
,,,,,,,,,,,,,,,,,,,,,,73PEP_PLA,73,PEP_P,LA,1,0.661272
,,,,,,,,,,,,,,,,,,,,,,73PEP_PLV,73,PEP_P,LV,1,0.575489
,,,,,,,,,,,,,,,,,,,,,,73TOM_PLA,73,TOM_P,LA,1,0.585629
,,,,,,,,,,,,,,,,,,,,,,73TOM_PLV,73,TOM_P,LV,1,0.515282
,,,,,,,,,,,,,,,,,,,,,,74CAUL_PLA,74,CAUL_P,LA,1,0.682273
,,,,,,,,,,,,,,,,,,,,,,74CAUL_PLV,74,CAUL_P,LV,1,0.629641
,,,,,,,,,,,,,,,,,,,,,,74CEL_PLA,74,CEL_P,LA,1,0.508244
,,,,,,,,,,,,,,,,,,,,,,74CEL_PLV,74,CEL_P,LV,1,0.470204
,,,,,,,,,,,,,,,,,,,,,,74CUX_PLA,74,CUX_P,LA,1,0.139793
,,,,,,,,,,,,,,,,,,,,,,74CUX_PLV,74,CUX_P,LV,1,0.110308
,,,,,,,,,,,,,,,,,,,,,,74LET_PLA,74,LET_P,LA,1,0.569786
,,,,,,,,,,,,,,,,,,,,,,74LET_PLV,74,LET_P,LV,1,0.530177
,,,,,,,,,,,,,,,,,,,,,,74PEP_PLA,74,PEP_P,LA,1,0.642595
,,,,,,,,,,,,,,,,,,,,,,74PEP_PLV,74,PEP_P,LV,1,0.529299
,,,,,,,,,,,,,,,,,,,,,,74TOM_PLA,74,TOM_P,LA,1,0.540562
,,,,,,,,,,,,,,,,,,,,,,74TOM_PLV,74,TOM_P,LV,1,0.494025
,,,,,,,,,,,,,,,,,,,,,,75CAUL_PLA,75,CAUL_P,LA,1,0.677414
,,,,,,,,,,,,,,,,,,,,,,75CAUL_PLV,75,CAUL_P,LV,1,0.662923
,,,,,,,,,,,,,,,,,,,,,,75CEL_PLA,75,CEL_P,LA,1,0.581842
,,,,,,,,,,,,,,,,,,,,,,75CEL_PLV,75,CEL_P,LV,1,0.558777
,,,,,,,,,,,,,,,,,,,,,,75CUX_PLA,75,CUX_P,LA,1,0.221978
,,,,,,,,,,,,,,,,,,,,,,75CUX_PLV,75,CUX_P,LV,1,0.155786
,,,,,,,,,,,,,,,,,,,,,,75LET_PLA,75,LET_P,LA,1,0.607778
,,,,,,,,,,,,,,,,,,,,,,75LET_PLV,75,LET_P,LV,1,0.521542
,,,,,,,,,,,,,,,,,,,,,,75PEP_PLA,75,PEP_P,LA,1,0.672989
,,,,,,,,,,,,,,,,,,,,,,75PEP_PLV,75,PEP_P,LV,1,0.543371
,,,,,,,,,,,,,,,,,,,,,,75TOM_PLA,75,TOM_P,LA,1,0.541844
,,,,,,,,,,,,,,,,,,,,,,75TOM_PLV,75,TOM_P,LV,1,0.498126
,,,,,,,,,,,,,,,,,,,,,,76CAUL_PLA,76,CAUL_P,LA,1,0.736699
,,,,,,,,,,,,,,,,,,,,,,76CAUL_PLV,76,CAUL_P,LV,1,0.680076
,,,,,,,,,,,,,,,,,,,,,,76CEL_PLA,76,CEL_P,LA,1,0.567869
,,,,,,,,,,,,,,,,,,,,,,76CEL_PLV,76,CEL_P,LV,1,0.534476
,,,,,,,,,,,,,,,,,,,,,,76CUX_PLA,76,CUX_P,LA,1,0.25484
,,,,,,,,,,,,,,,,,,,,,,76CUX_PLV,76,CUX_P,LV,1,0.1704
,,,,,,,,,,,,,,,,,,,,,,76LET_PLA,76,LET_P,LA,1,0.766866
,,,,,,,,,,,,,,,,,,,,,,76LET_PLV,76,LET_P,LV,1,0.817981
,,,,,,,,,,,,,,,,,,,,,,76PEP_PLA,76,PEP_P,LA,1,0.761742
,,,,,,,,,,,,,,,,,,,,,,76PEP_PLV,76,PEP_P,LV,1,0.556148
,,,,,,,,,,,,,,,,,,,,,,76TOM_PLA,76,TOM_P,LA,1,0.444181
,,,,,,,,,,,,,,,,,,,,,,76TOM_PLV,76,TOM_P,LV,1,0.427193
,,,,,,,,,,,,,,,,,,,,,,77CAUL_PLA,77,CAUL_P,LA,1,0.67422
,,,,,,,,,,,,,,,,,,,,,,77CAUL_PLV,77,CAUL_P,LV,1,0.675
,,,,,,,,,,,,,,,,,,,,,,77CEL_PLA,77,CEL_P,LA,1,0.325983
,,,,,,,,,,,,,,,,,,,,,,77CEL_PLV,77,CEL_P,LV,1,0.36018
,,,,,,,,,,,,,,,,,,,,,,77CUX_PLA,77,CUX_P,LA,1,0.24551
,,,,,,,,,,,,,,,,,,,,,,77CUX_PLV,77,CUX_P,LV,1,0.165468
,,,,,,,,,,,,,,,,,,,,,,77LET_PLA,77,LET_P,LA,1,1.06818
,,,,,,,,,,,,,,,,,,,,,,77LET_PLV,77,LET_P,LV,1,0.907444
,,,,,,,,,,,,,,,,,,,,,,77PEP_PLA,77,PEP_P,LA,1,0.762254
,,,,,,,,,,,,,,,,,,,,,,77PEP_PLV,77,PEP_P,LV,1,0.574857
,,,,,,,,,,,,,,,,,,,,,,77TOM_PLA,77,TOM_P,LA,1,0.461644
,,,,,,,,,,,,,,,,,,,,,,77TOM_PLV,77,TOM_P,LV,1,0.429567
,,,,,,,,,,,,,,,,,,,,,,78CAUL_PLA,78,CAUL_P,LA,1,0.638221
,,,,,,,,,,,,,,,,,,,,,,78CAUL_PLV,78,CAUL_P,LV,1,0.648957
,,,,,,,,,,,,,,,,,,,,,,78CEL_PLA,78,CEL_P,LA,1,0.214011
,,,,,,,,,,,,,,,,,,,,,,78CEL_PLV,78,CEL_P,LV,1,0.223816
,,,,,,,,,,,,,,,,,,,,,,78CUX_PLA,78,CUX_P,LA,1,0.26681
,,,,,,,,,,,,,,,,,,,,,,78CUX_PLV,78,CUX_P,LV,1,0.171705
,,,,,,,,,,,,,,,,,,,,,,78LET_PLA,78,LET_P,LA,1,1.33759
,,,,,,,,,,,,,,,,,,,,,,78LET_PLV,78,LET_P,LV,1,1.0404
,,,,,,,,,,,,,,,,,,,,,,78PEP_PLA,78,PEP_P,LA,1,0.962649
,,,,,,,,,,,,,,,,,,,,,,78PEP_PLV,78,PEP_P,LV,1,0.798841
,,,,,,,,,,,,,,,,,,,,,,78TOM_PLA,78,TOM_P,LA,1,0.443177
,,,,,,,,,,,,,,,,,,,,,,78TOM_PLV,78,TOM_P,LV,1,0.427661
,,,,,,,,,,,,,,,,,,,,,,79CAUL_PLA,79,CAUL_P,LA,1,0.642702
,,,,,,,,,,,,,,,,,,,,,,79CAUL_PLV,79,CAUL_P,LV,1,0.654614
,,,,,,,,,,,,,,,,,,,,,,79CEL_PLA,79,CEL_P,LA,1,0.224934
,,,,,,,,,,,,,,,,,,,,,,79CEL_PLV,79,CEL_P,LV,1,0.238896
,,,,,,,,,,,,,,,,,,,,,,79CUX_PLA,79,CUX_P,LA,1,0.280499
,,,,,,,,,,,,,,,,,,,,,,79CUX_PLV,79,CUX_P,LV,1,0.184365
,,,,,,,,,,,,,,,,,,,,,,79LET_PLA,79,LET_P,LA,1,1.28218
,,,,,,,,,,,,,,,,,,,,,,79LET_PLV,79,LET_P,LV,1,0.93295
,,,,,,,,,,,,,,,,,,,,,,79PEP_PLA,79,PEP_P,LA,1,0.921158
,,,,,,,,,,,,,,,,,,,,,,79PEP_PLV,79,PEP_P,LV,1,0.678866
,,,,,,,,,,,,,,,,,,,,,,79TOM_PLA,79,TOM_P,LA,1,0.412295
,,,,,,,,,,,,,,,,,,,,,,79TOM_PLV,79,TOM_P,LV,1,0.379726
,,,,,,,,,,,,,,,,,,,,,,80CAUL_PLA,80,CAUL_P,LA,1,0.612244
,,,,,,,,,,,,,,,,,,,,,,80CAUL_PLV,80,CAUL_P,LV,1,0.637181
,,,,,,,,,,,,,,,,,,,,,,80CEL_PLA,80,CEL_P,LA,1,0.200442
,,,,,,,,,,,,,,,,,,,,,,80CEL_PLV,80,CEL_P,LV,1,0.225232
,,,,,,,,,,,,,,,,,,,,,,80CUX_PLA,80,CUX_P,LA,1,0.244096
,,,,,,,,,,,,,,,,,,,,,,80CUX_PLV,80,CUX_P,LV,1,0.178907
,,,,,,,,,,,,,,,,,,,,,,80LET_PLA,80,LET_P,LA,1,1.11508
,,,,,,,,,,,,,,,,,,,,,,80LET_PLV,80,LET_P,LV,1,0.898935
,,,,,,,,,,,,,,,,,,,,,,80PEP_PLA,80,PEP_P,LA,1,0.807126
,,,,,,,,,,,,,,,,,,,,,,80PEP_PLV,80,PEP_P,LV,1,0.59223
,,,,,,,,,,,,,,,,,,,,,,80TOM_PLA,80,TOM_P,LA,1,0.413809
,,,,,,,,,,,,,,,,,,,,,,80TOM_PLV,80,TOM_P,LV,1,0.396127
,,,,,,,,,,,,,,,,,,,,,,81CAUL_PLA,81,CAUL_P,LA,1,0.624343
,,,,,,,,,,,,,,,,,,,,,,81CAUL_PLV,81,CAUL_P,LV,1,0.657109
,,,,,,,,,,,,,,,,,,,,,,81CEL_PLA,81,CEL_P,LA,1,0.199976
,,,,,,,,,,,,,,,,,,,,,,81CEL_PLV,81,CEL_P,LV,1,0.209051
,,,,,,,,,,,,,,,,,,,,,,81CUX_PLA,81,CUX_P,LA,1,0.162172
,,,,,,,,,,,,,,,,,,,,,,81CUX_PLV,81,CUX_P,LV,1,0.143676
,,,,,,,,,,,,,,,,,,,,,,81LET_PLA,81,LET_P,LA,1,0.982667
,,,,,,,,,,,,,,,,,,,,,,81LET_PLV,81,LET_P,LV,1,0.728564
,,,,,,,,,,,,,,,,,,,,,,81PEP_PLA,81,PEP_P,LA,1,0.709506
,,,,,,,,,,,,,,,,,,,,,,81PEP_PLV,81,PEP_P,LV,1,0.547227
,,,,,,,,,,,,,,,,,,,,,,81TOM_PLA,81,TOM_P,LA,1,0.449644
,,,,,,,,,,,,,,,,,,,,,,81TOM_PLV,81,TOM_P,LV,1,0.448824
,,,,,,,,,,,,,,,,,,,,,,82CAUL_PLA,82,CAUL_P,LA,1,0.63385
,,,,,,,,,,,,,,,,,,,,,,82CAUL_PLV,82,CAUL_P,LV,1,0.654007
,,,,,,,,,,,,,,,,,,,,,,82CEL_PLA,82,CEL_P,LA,1,0.21027
,,,,,,,,,,,,,,,,,,,,,,82CEL_PLV,82,CEL_P,LV,1,0.219919
,,,,,,,,,,,,,,,,,,,,,,82CUX_PLA,82,CUX_P,LA,1,0.155521
,,,,,,,,,,,,,,,,,,,,,,82CUX_PLV,82,CUX_P,LV,1,0.141098
,,,,,,,,,,,,,,,,,,,,,,82LET_PLA,82,LET_P,LA,1,1.11865
,,,,,,,,,,,,,,,,,,,,,,82LET_PLV,82,LET_P,LV,1,0.787303
,,,,,,,,,,,,,,,,,,,,,,82PEP_PLA,82,PEP_P,LA,1,0.743163
,,,,,,,,,,,,,,,,,,,,,,82PEP_PLV,82,PEP_P,LV,1,0.608713
,,,,,,,,,,,,,,,,,,,,,,82TOM_PLA,82,TOM_P,LA,1,0.468002
,,,,,,,,,,,,,,,,,,,,,,82TOM_PLV,82,TOM_P,LV,1,0.468691
,,,,,,,,,,,,,,,,,,,,,,83CAUL_PLA,83,CAUL_P,LA,1,0.649895
,,,,,,,,,,,,,,,,,,,,,,83CAUL_PLV,83,CAUL_P,LV,1,0.662582
,,,,,,,,,,,,,,,,,,,,,,83CEL_PLA,83,CEL_P,LA,1,0.181729
,,,,,,,,,,,,,,,,,,,,,,83CEL_PLV,83,CEL_P,LV,1,0.202705
,,,,,,,,,,,,,,,,,,,,,,83CUX_PLA,83,CUX_P,LA,1,0.150794
,,,,,,,,,,,,,,,,,,,,,,83CUX_PLV,83,CUX_P,LV,1,0.125043
,,,,,,,,,,,,,,,,,,,,,,83LET_PLA,83,LET_P,LA,1,1.24412
,,,,,,,,,,,,,,,,,,,,,,83LET_PLV,83,LET_P,LV,1,0.877385
,,,,,,,,,,,,,,,,,,,,,,83PEP_PLA,83,PEP_P,LA,1,0.678861
,,,,,,,,,,,,,,,,,,,,,,83PEP_PLV,83,PEP_P,LV,1,0.530755
,,,,,,,,,,,,,,,,,,,,,,83TOM_PLA,83,TOM_P,LA,1,0.461253
,,,,,,,,,,,,,,,,,,,,,,83TOM_PLV,83,TOM_P,LV,1,0.450418
,,,,,,,,,,,,,,,,,,,,,,84CAUL_PLA,84,CAUL_P,LA,1,0.64092
,,,,,,,,,,,,,,,,,,,,,,84CAUL_PLV,84,CAUL_P,LV,1,0.648012
,,,,,,,,,,,,,,,,,,,,,,84CEL_PLA,84,CEL_P,LA,1,0.169552
,,,,,,,,,,,,,,,,,,,,,,84CEL_PLV,84,CEL_P,LV,1,0.194839
,,,,,,,,,,,,,,,,,,,,,,84CUX_PLA,84,CUX_P,LA,1,0.16841
,,,,,,,,,,,,,,,,,,,,,,84CUX_PLV,84,CUX_P,LV,1,0.126913
,,,,,,,,,,,,,,,,,,,,,,84LET_PLA,84,LET_P,LA,1,1.5136
,,,,,,,,,,,,,,,,,,,,,,84LET_PLV,84,LET_P,LV,1,0.990596
,,,,,,,,,,,,,,,,,,,,,,84PEP_PLA,84,PEP_P,LA,1,0.619655
,,,,,,,,,,,,,,,,,,,,,,84PEP_PLV,84,PEP_P,LV,1,0.469077
,,,,,,,,,,,,,,,,,,,,,,84TOM_PLA,84,TOM_P,LA,1,0.45781
,,,,,,,,,,,,,,,,,,,,,,84TOM_PLV,84,TOM_P,LV,1,0.439949
,,,,,,,,,,,,,,,,,,,,,,85CAUL_PLA,85,CAUL_P,LA,1,0.647812
,,,,,,,,,,,,,,,,,,,,,,85CAUL_PLV,85,CAUL_P,LV,1,0.656214
,,,,,,,,,,,,,,,,,,,,,,85CEL_PLA,85,CEL_P,LA,1,0.165739
,,,,,,,,,,,,,,,,,,,,,,85CEL_PLV,85,CEL_P,LV,1,0.198007
,,,,,,,,,,,,,,,,,,,,,,85CUX_PLA,85,CUX_P,LA,1,0.186046
,,,,,,,,,,,,,,,,,,,,,,85CUX_PLV,85,CUX_P,LV,1,0.140852
,,,,,,,,,,,,,,,,,,,,,,85LET_PLA,85,LET_P,LA,1,1.46042
,,,,,,,,,,,,,,,,,,,,,,85LET_PLV,85,LET_P,LV,1,1.01374
,,,,,,,,,,,,,,,,,,,,,,85PEP_PLA,85,PEP_P,LA,1,0.589643
,,,,,,,,,,,,,,,,,,,,,,85PEP_PLV,85,PEP_P,LV,1,0.446054
,,,,,,,,,,,,,,,,,,,,,,85TOM_PLA,85,TOM_P,LA,1,0.469056
,,,,,,,,,,,,,,,,,,,,,,85TOM_PLV,85,TOM_P,LV,1,0.414082
,,,,,,,,,,,,,,,,,,,,,,86CAUL_PLA,86,CAUL_P,LA,1,0.658415
,,,,,,,,,,,,,,,,,,,,,,86CAUL_PLV,86,CAUL_P,LV,1,0.654231
,,,,,,,,,,,,,,,,,,,,,,86CEL_PLA,86,CEL_P,LA,1,0.160924
,,,,,,,,,,,,,,,,,,,,,,86CEL_PLV,86,CEL_P,LV,1,0.18863
,,,,,,,,,,,,,,,,,,,,,,86CUX_PLA,86,CUX_P,LA,1,0.201089
,,,,,,,,,,,,,,,,,,,,,,86CUX_PLV,86,CUX_P,LV,1,0.16181
,,,,,,,,,,,,,,,,,,,,,,86LET_PLA,86,LET_P,LA,1,1.42779
,,,,,,,,,,,,,,,,,,,,,,86LET_PLV,86,LET_P,LV,1,1.08993
,,,,,,,,,,,,,,,,,,,,,,86PEP_PLA,86,PEP_P,LA,1,0.627481
,,,,,,,,,,,,,,,,,,,,,,86PEP_PLV,86,PEP_P,LV,1,0.454417
,,,,,,,,,,,,,,,,,,,,,,86TOM_PLA,86,TOM_P,LA,1,0.425366
,,,,,,,,,,,,,,,,,,,,,,86TOM_PLV,86,TOM_P,LV,1,0.398626
,,,,,,,,,,,,,,,,,,,,,,87CAUL_PLA,87,CAUL_P,LA,1,0.663365
,,,,,,,,,,,,,,,,,,,,,,87CAUL_PLV,87,CAUL_P,LV,1,0.655228
,,,,,,,,,,,,,,,,,,,,,,87CEL_PLA,87,CEL_P,LA,1,0.169886
,,,,,,,,,,,,,,,,,,,,,,87CEL_PLV,87,CEL_P,LV,1,0.179715
,,,,,,,,,,,,,,,,,,,,,,87CUX_PLA,87,CUX_P,LA,1,0.201604
,,,,,,,,,,,,,,,,,,,,,,87CUX_PLV,87,CUX_P,LV,1,0.160351
,,,,,,,,,,,,,,,,,,,,,,87LET_PLA,87,LET_P,LA,1,1.35971
,,,,,,,,,,,,,,,,,,,,,,87LET_PLV,87,LET_P,LV,1,0.981639
,,,,,,,,,,,,,,,,,,,,,,87PEP_PLA,87,PEP_P,LA,1,0.71917
,,,,,,,,,,,,,,,,,,,,,,87PEP_PLV,87,PEP_P,LV,1,0.501788
,,,,,,,,,,,,,,,,,,,,,,87TOM_PLA,87,TOM_P,LA,1,0.446993
,,,,,,,,,,,,,,,,,,,,,,87TOM_PLV,87,TOM_P,LV,1,0.41351
,,,,,,,,,,,,,,,,,,,,,,88CAUL_PLA,88,CAUL_P,LA,1,0.65711
,,,,,,,,,,,,,,,,,,,,,,88CAUL_PLV,88,CAUL_P,LV,1,0.652198
,,,,,,,,,,,,,,,,,,,,,,88CEL_PLA,88,CEL_P,LA,1,0.168082
,,,,,,,,,,,,,,,,,,,,,,88CEL_PLV,88,CEL_P,LV,1,0.177454
,,,,,,,,,,,,,,,,,,,,,,88CUX_PLA,88,CUX_P,LA,1,0.219266
,,,,,,,,,,,,,,,,,,,,,,88CUX_PLV,88,CUX_P,LV,1,0.15704
,,,,,,,,,,,,,,,,,,,,,,88LET_PLA,88,LET_P,LA,1,1.13529
,,,,,,,,,,,,,,,,,,,,,,88LET_PLV,88,LET_P,LV,1,0.839174
,,,,,,,,,,,,,,,,,,,,,,88PEP_PLA,88,PEP_P,LA,1,0.690841
,,,,,,,,,,,,,,,,,,,,,,88PEP_PLV,88,PEP_P,LV,1,0.507476
,,,,,,,,,,,,,,,,,,,,,,88TOM_PLA,88,TOM_P,LA,1,0.446137
,,,,,,,,,,,,,,,,,,,,,,88TOM_PLV,88,TOM_P,LV,1,0.414629
,,,,,,,,,,,,,,,,,,,,,,89CAUL_PLA,89,CAUL_P,LA,1,0.651762
,,,,,,,,,,,,,,,,,,,,,,89CAUL_PLV,89,CAUL_P,LV,1,0.643814
,,,,,,,,,,,,,,,,,,,,,,89CEL_PLA,89,CEL_P,LA,1,0.159243
,,,,,,,,,,,,,,,,,,,,,,89CEL_PLV,89,CEL_P,LV,1,0.180939
,,,,,,,,,,,,,,,,,,,,,,89CUX_PLA,89,CUX_P,LA,1,0.304269
,,,,,,,,,,,,,,,,,,,,,,89CUX_PLV,89,CUX_P,LV,1,0.193298
,,,,,,,,,,,,,,,,,,,,,,89LET_PLA,89,LET_P,LA,1,1.26546
,,,,,,,,,,,,,,,,,,,,,,89LET_PLV,89,LET_P,LV,1,0.977358
,,,,,,,,,,,,,,,,,,,,,,89PEP_PLA,89,PEP_P,LA,1,0.746767
,,,,,,,,,,,,,,,,,,,,,,89PEP_PLV,89,PEP_P,LV,1,0.588562
,,,,,,,,,,,,,,,,,,,,,,89TOM_PLA,89,TOM_P,LA,1,0.533778
,,,,,,,,,,,,,,,,,,,,,,89TOM_PLV,89,TOM_P,LV,1,0.475528
,,,,,,,,,,,,,,,,,,,,,,90CAUL_PLA,90,CAUL_P,LA,1,0.639729
,,,,,,,,,,,,,,,,,,,,,,90CAUL_PLV,90,CAUL_P,LV,1,0.642315
,,,,,,,,,,,,,,,,,,,,,,90CEL_PLA,90,CEL_P,LA,1,0.166114
,,,,,,,,,,,,,,,,,,,,,,90CEL_PLV,90,CEL_P,LV,1,0.192245
,,,,,,,,,,,,,,,,,,,,,,90CUX_PLA,90,CUX_P,LA,1,0.289877
,,,,,,,,,,,,,,,,,,,,,,90CUX_PLV,90,CUX_P,LV,1,0.200031
,,,,,,,,,,,,,,,,,,,,,,90LET_PLA,90,LET_P,LA,1,1.44128
,,,,,,,,,,,,,,,,,,,,,,90LET_PLV,90,LET_P,LV,1,1.14163
,,,,,,,,,,,,,,,,,,,,,,90PEP_PLA,90,PEP_P,LA,1,0.703422
,,,,,,,,,,,,,,,,,,,,,,90PEP_PLV,90,PEP_P,LV,1,0.608582
,,,,,,,,,,,,,,,,,,,,,,90TOM_PLA,90,TOM_P,LA,1,0.578439
,,,,,,,,,,,,,,,,,,,,,,90TOM_PLV,90,TOM_P,LV,1,0.518243
,,,,,,,,,,,,,,,,,,,,,,91CAUL_PLA,91,CAUL_P,LA,1,0.6743
,,,,,,,,,,,,,,,,,,,,,,91CAUL_PLV,91,CAUL_P,LV,1,0.665154
,,,,,,,,,,,,,,,,,,,,,,91CEL_PLA,91,CEL_P,LA,1,0.173101
,,,,,,,,,,,,,,,,,,,,,,91CEL_PLV,91,CEL_P,LV,1,0.194885
,,,,,,,,,,,,,,,,,,,,,,91CUX_PLA,91,CUX_P,LA,1,0.261122
,,,,,,,,,,,,,,,,,,,,,,91CUX_PLV,91,CUX_P,LV,1,0.182435
,,,,,,,,,,,,,,,,,,,,,,91LET_PLA,91,LET_P,LA,1,1.42573
,,,,,,,,,,,,,,,,,,,,,,91LET_PLV,91,LET_P,LV,1,1.10989
,,,,,,,,,,,,,,,,,,,,,,91PEP_PLA,91,PEP_P,LA,1,0.669706
,,,,,,,,,,,,,,,,,,,,,,91PEP_PLV,91,PEP_P,LV,1,0.586004
,,,,,,,,,,,,,,,,,,,,,,91TOM_PLA,91,TOM_P,LA,1,0.677515
,,,,,,,,,,,,,,,,,,,,,,91TOM_PLV,91,TOM_P,LV,1,0.622563
,,,,,,,,,,,,,,,,,,,,,,92CAUL_PLA,92,CAUL_P,LA,1,0.724405
,,,,,,,,,,,,,,,,,,,,,,92CAUL_PLV,92,CAUL_P,LV,1,0.680487
,,,,,,,,,,,,,,,,,,,,,,92CEL_PLA,92,CEL_P,LA,1,0.176879
,,,,,,,,,,,,,,,,,,,,,,92CEL_PLV,92,CEL_P,LV,1,0.192107
,,,,,,,,,,,,,,,,,,,,,,92CUX_PLA,92,CUX_P,LA,1,0.218029
,,,,,,,,,,,,,,,,,,,,,,92CUX_PLV,92,CUX_P,LV,1,0.170417
,,,,,,,,,,,,,,,,,,,,,,92LET_PLA,92,LET_P,LA,1,1.59785
,,,,,,,,,,,,,,,,,,,,,,92LET_PLV,92,LET_P,LV,1,1.34113
,,,,,,,,,,,,,,,,,,,,,,92PEP_PLA,92,PEP_P,LA,1,0.727813
,,,,,,,,,,,,,,,,,,,,,,92PEP_PLV,92,PEP_P,LV,1,0.579274
,,,,,,,,,,,,,,,,,,,,,,92TOM_PLA,92,TOM_P,LA,1,0.726899
,,,,,,,,,,,,,,,,,,,,,,92TOM_PLV,92,TOM_P,LV,1,0.692958
,,,,,,,,,,,,,,,,,,,,,,93CAUL_PLA,93,CAUL_P,LA,1,0.766295
,,,,,,,,,,,,,,,,,,,,,,93CAUL_PLV,93,CAUL_P,LV,1,0.730047
,,,,,,,,,,,,,,,,,,,,,,93CEL_PLA,93,CEL_P,LA,1,0.162017
,,,,,,,,,,,,,,,,,,,,,,93CEL_PLV,93,CEL_P,LV,1,0.177178
,,,,,,,,,,,,,,,,,,,,,,93CUX_PLA,93,CUX_P,LA,1,0.183254
,,,,,,,,,,,,,,,,,,,,,,93CUX_PLV,93,CUX_P,LV,1,0.158672
,,,,,,,,,,,,,,,,,,,,,,93LET_PLA,93,LET_P,LA,1,1.77934
,,,,,,,,,,,,,,,,,,,,,,93LET_PLV,93,LET_P,LV,1,1.56485
,,,,,,,,,,,,,,,,,,,,,,93PEP_PLA,93,PEP_P,LA,1,0.889681
,,,,,,,,,,,,,,,,,,,,,,93PEP_PLV,93,PEP_P,LV,1,0.642704
,,,,,,,,,,,,,,,,,,,,,,93TOM_PLA,93,TOM_P,LA,1,0.728651
,,,,,,,,,,,,,,,,,,,,,,93TOM_PLV,93,TOM_P,LV,1,0.776906
,,,,,,,,,,,,,,,,,,,,,,94CAUL_PLA,94,CAUL_P,LA,1,0.776306
,,,,,,,,,,,,,,,,,,,,,,94CAUL_PLV,94,CAUL_P,LV,1,0.75906
,,,,,,,,,,,,,,,,,,,,,,94CEL_PLA,94,CEL_P,LA,1,0.161502
,,,,,,,,,,,,,,,,,,,,,,94CEL_PLV,94,CEL_P,LV,1,0.173593
,,,,,,,,,,,,,,,,,,,,,,94CUX_PLA,94,CUX_P,LA,1,0.175317
,,,,,,,,,,,,,,,,,,,,,,94CUX_PLV,94,CUX_P,LV,1,0.158814
,,,,,,,,,,,,,,,,,,,,,,94LET_PLA,94,LET_P,LA,1,2.09063
,,,,,,,,,,,,,,,,,,,,,,94LET_PLV,94,LET_P,LV,1,1.74379
,,,,,,,,,,,,,,,,,,,,,,94PEP_PLA,94,PEP_P,LA,1,0.879482
,,,,,,,,,,,,,,,,,,,,,,94PEP_PLV,94,PEP_P,LV,1,0.646225
,,,,,,,,,,,,,,,,,,,,,,94TOM_PLA,94,TOM_P,LA,1,0.799367
,,,,,,,,,,,,,,,,,,,,,,94TOM_PLV,94,TOM_P,LV,1,0.835353
,,,,,,,,,,,,,,,,,,,,,,95CAUL_PLA,95,CAUL_P,LA,1,0.717436
,,,,,,,,,,,,,,,,,,,,,,95CAUL_PLV,95,CAUL_P,LV,1,0.719429
,,,,,,,,,,,,,,,,,,,,,,95CEL_PLA,95,CEL_P,LA,1,0.171093
,,,,,,,,,,,,,,,,,,,,,,95CEL_PLV,95,CEL_P,LV,1,0.193158
,,,,,,,,,,,,,,,,,,,,,,95CUX_PLA,95,CUX_P,LA,1,0.155951
,,,,,,,,,,,,,,,,,,,,,,95CUX_PLV,95,CUX_P,LV,1,0.142793
,,,,,,,,,,,,,,,,,,,,,,95LET_PLA,95,LET_P,LA,1,1.78387
,,,,,,,,,,,,,,,,,,,,,,95LET_PLV,95,LET_P,LV,1,1.46498
,,,,,,,,,,,,,,,,,,,,,,95PEP_PLA,95,PEP_P,LA,1,0.732685
,,,,,,,,,,,,,,,,,,,,,,95PEP_PLV,95,PEP_P,LV,1,0.611016
,,,,,,,,,,,,,,,,,,,,,,95TOM_PLA,95,TOM_P,LA,1,0.666292
,,,,,,,,,,,,,,,,,,,,,,95TOM_PLV,95,TOM_P,LV,1,0.696747
,,,,,,,,,,,,,,,,,,,,,,96CAUL_PLA,96,CAUL_P,LA,1,0.68687
,,,,,,,,,,,,,,,,,,,,,,96CAUL_PLV,96,CAUL_P,LV,1,0.705575
,,,,,,,,,,,,,,,,,,,,,,96CEL_PLA,96,CEL_P,LA,1,0.211474
,,,,,,,,,,,,,,,,,,,,,,96CEL_PLV,96,CEL_P,LV,1,0.223745
,,,,,,,,,,,,,,,,,,,,,,96CUX_PLA,96,CUX_P,LA,1,0.133721
,,,,,,,,,,,,,,,,,,,,,,96CUX_PLV,96,CUX_P,LV,1,0.121835
,,,,,,,,,,,,,,,,,,,,,,96LET_PLA,96,LET_P,LA,1,2.08705
,,,,,,,,,,,,,,,,,,,,,,96LET_PLV,96,LET_P,LV,1,1.65353
,,,,,,,,,,,,,,,,,,,,,,96PEP_PLA,96,PEP_P,LA,1,0.784311
,,,,,,,,,,,,,,,,,,,,,,96PEP_PLV,96,PEP_P,LV,1,0.600901
,,,,,,,,,,,,,,,,,,,,,,96TOM_PLA,96,TOM_P,LA,1,0.643006
,,,,,,,,,,,,,,,,,,,,,,96TOM_PLV,96,TOM_P,LV,1,0.569555
,,,,,,,,,,,,,,,,,,,,,,97CAUL_PLA,97,CAUL_P,LA,1,0.767502
,,,,,,,,,,,,,,,,,,,,,,97CAUL_PLV,97,CAUL_P,LV,1,0.754504
,,,,,,,,,,,,,,,,,,,,,,97CEL_PLA,97,CEL_P,LA,1,0.256055
,,,,,,,,,,,,,,,,,,,,,,97CEL_PLV,97,CEL_P,LV,1,0.263941
,,,,,,,,,,,,,,,,,,,,,,97CUX_PLA,97,CUX_P,LA,1,0.131891
,,,,,,,,,,,,,,,,,,,,,,97CUX_PLV,97,CUX_P,LV,1,0.121217
,,,,,,,,,,,,,,,,,,,,,,97LET_PLA,97,LET_P,LA,1,2.16087
,,,,,,,,,,,,,,,,,,,,,,97LET_PLV,97,LET_P,LV,1,1.81392
,,,,,,,,,,,,,,,,,,,,,,97PEP_PLA,97,PEP_P,LA,1,0.793411
,,,,,,,,,,,,,,,,,,,,,,97PEP_PLV,97,PEP_P,LV,1,0.60048
,,,,,,,,,,,,,,,,,,,,,,97TOM_PLA,97,TOM_P,LA,1,0.71455
,,,,,,,,,,,,,,,,,,,,,,97TOM_PLV,97,TOM_P,LV,1,0.584066
,,,,,,,,,,,,,,,,,,,,,,98CAUL_PLA,98,CAUL_P,LA,1,0.773422
,,,,,,,,,,,,,,,,,,,,,,98CAUL_PLV,98,CAUL_P,LV,1,0.822439
,,,,,,,,,,,,,,,,,,,,,,98CEL_PLA,98,CEL_P,LA,1,0.243733
,,,,,,,,,,,,,,,,,,,,,,98CEL_PLV,98,CEL_P,LV,1,0.266172
,,,,,,,,,,,,,,,,,,,,,,98CUX_PLA,98,CUX_P,LA,1,0.135968
,,,,,,,,,,,,,,,,,,,,,,98CUX_PLV,98,CUX_P,LV,1,0.127158
,,,,,,,,,,,,,,,,,,,,,,98LET_PLA,98,LET_P,LA,1,2.21855
,,,,,,,,,,,,,,,,,,,,,,98LET_PLV,98,LET_P,LV,1,1.78123
,,,,,,,,,,,,,,,,,,,,,,98PEP_PLA,98,PEP_P,LA,1,0.74275
,,,,,,,,,,,,,,,,,,,,,,98PEP_PLV,98,PEP_P,LV,1,0.594753
,,,,,,,,,,,,,,,,,,,,,,98TOM_PLA,98,TOM_P,LA,1,0.827033
,,,,,,,,,,,,,,,,,,,,,,98TOM_PLV,98,TOM_P,LV,1,0.644016
,,,,,,,,,,,,,,,,,,,,,,99CAUL_PLA,99,CAUL_P,LA,1,0.775884
,,,,,,,,,,,,,,,,,,,,,,99CAUL_PLV,99,CAUL_P,LV,1,0.789946
,,,,,,,,,,,,,,,,,,,,,,99CEL_PLA,99,CEL_P,LA,1,0.231341
,,,,,,,,,,,,,,,,,,,,,,99CEL_PLV,99,CEL_P,LV,1,0.25666
,,,,,,,,,,,,,,,,,,,,,,99CUX_PLA,99,CUX_P,LA,1,0.148082
,,,,,,,,,,,,,,,,,,,,,,99CUX_PLV,99,CUX_P,LV,1,0.148038
,,,,,,,,,,,,,,,,,,,,,,99LET_PLA,99,LET_P,LA,1,2.06899
,,,,,,,,,,,,,,,,,,,,,,99LET_PLV,99,LET_P,LV,1,1.70638
,,,,,,,,,,,,,,,,,,,,,,99PEP_PLA,99,PEP_P,LA,1,0.864836
,,,,,,,,,,,,,,,,,,,,,,99PEP_PLV,99,PEP_P,LV,1,0.646889
,,,,,,,,,,,,,,,,,,,,,,99TOM_PLA,99,TOM_P,LA,1,0.987082
,,,,,,,,,,,,,,,,,,,,,,99TOM_PLV,99,TOM_P,LV,1,0.777402
,,,,,,,,,,,,,,,,,,,,,,100CAUL_PLA,100,CAUL_P,LA,1,0.88362
,,,,,,,,,,,,,,,,,,,,,,100CAUL_PLV,100,CAUL_P,LV,1,0.839741
,,,,,,,,,,,,,,,,,,,,,,100CEL_PLA,100,CEL_P,LA,1,0.192639
,,,,,,,,,,,,,,,,,,,,,,100CEL_PLV,100,CEL_P,LV,1,0.225026
,,,,,,,,,,,,,,,,,,,,,,100CUX_PLA,100,CUX_P,LA,1,0.183193
,,,,,,,,,,,,,,,,,,,,,,100CUX_PLV,100,CUX_P,LV,1,0.159586
,,,,,,,,,,,,,,,,,,,,,,100LET_PLA,100,LET_P,LA,1,1.83625
,,,,,,,,,,,,,,,,,,,,,,100LET_PLV,100,LET_P,LV,1,1.31772
,,,,,,,,,,,,,,,,,,,,,,100PEP_PLA,100,PEP_P,LA,1,0.868851
,,,,,,,,,,,,,,,,,,,,,,100PEP_PLV,100,PEP_P,LV,1,0.605855
,,,,,,,,,,,,,,,,,,,,,,100TOM_PLA,100,TOM_P,LA,1,0.772012
,,,,,,,,,,,,,,,,,,,,,,100TOM_PLV,100,TOM_P,LV,1,0.574021
,,,,,,,,,,,,,,,,,,,,,,101CAUL_PLA,101,CAUL_P,LA,1,0.76823
,,,,,,,,,,,,,,,,,,,,,,101CAUL_PLV,101,CAUL_P,LV,1,0.809583
,,,,,,,,,,,,,,,,,,,,,,101CEL_PLA,101,CEL_P,LA,1,0.28087
,,,,,,,,,,,,,,,,,,,,,,101CEL_PLV,101,CEL_P,LV,1,0.261722
,,,,,,,,,,,,,,,,,,,,,,101CUX_PLA,101,CUX_P,LA,1,0.1929
,,,,,,,,,,,,,,,,,,,,,,101CUX_PLV,101,CUX_P,LV,1,0.185821
,,,,,,,,,,,,,,,,,,,,,,101LET_PLA,101,LET_P,LA,1,1.29628
,,,,,,,,,,,,,,,,,,,,,,101LET_PLV,101,LET_P,LV,1,0.918464
,,,,,,,,,,,,,,,,,,,,,,101PEP_PLA,101,PEP_P,LA,1,0.872097
,,,,,,,,,,,,,,,,,,,,,,101PEP_PLV,101,PEP_P,LV,1,0.583735
,,,,,,,,,,,,,,,,,,,,,,101TOM_PLA,101,TOM_P,LA,1,0.741225
,,,,,,,,,,,,,,,,,,,,,,101TOM_PLV,101,TOM_P,LV,1,0.573885
,,,,,,,,,,,,,,,,,,,,,,102CAUL_PLA,102,CAUL_P,LA,1,0.663478
,,,,,,,,,,,,,,,,,,,,,,102CAUL_PLV,102,CAUL_P,LV,1,0.690689
,,,,,,,,,,,,,,,,,,,,,,102CEL_PLA,102,CEL_P,LA,1,0.337539
,,,,,,,,,,,,,,,,,,,,,,102CEL_PLV,102,CEL_P,LV,1,0.301915
,,,,,,,,,,,,,,,,,,,,,,102CUX_PLA,102,CUX_P,LA,1,0.187914
,,,,,,,,,,,,,,,,,,,,,,102CUX_PLV,102,CUX_P,LV,1,0.164573
,,,,,,,,,,,,,,,,,,,,,,102LET_PLA,102,LET_P,LA,1,0.861059
,,,,,,,,,,,,,,,,,,,,,,102LET_PLV,102,LET_P,LV,1,0.683368
,,,,,,,,,,,,,,,,,,,,,,102PEP_PLA,102,PEP_P,LA,1,0.893139
,,,,,,,,,,,,,,,,,,,,,,102PEP_PLV,102,PEP_P,LV,1,0.597778
,,,,,,,,,,,,,,,,,,,,,,102TOM_PLA,102,TOM_P,LA,1,0.912217
,,,,,,,,,,,,,,,,,,,,,,102TOM_PLV,102,TOM_P,LV,1,0.620848
,,,,,,,,,,,,,,,,,,,,,,103CAUL_PLA,103,CAUL_P,LA,1,0.710283
,,,,,,,,,,,,,,,,,,,,,,103CAUL_PLV,103,CAUL_P,LV,1,0.704241
,,,,,,,,,,,,,,,,,,,,,,103CEL_PLA,103,CEL_P,LA,1,0.32555
,,,,,,,,,,,,,,,,,,,,,,103CEL_PLV,103,CEL_P,LV,1,0.289326
,,,,,,,,,,,,,,,,,,,,,,103CUX_PLA,103,CUX_P,LA,1,0.181304
,,,,,,,,,,,,,,,,,,,,,,103CUX_PLV,103,CUX_P,LV,1,0.139282
,,,,,,,,,,,,,,,,,,,,,,103LET_PLA,103,LET_P,LA,1,0.68045
,,,,,,,,,,,,,,,,,,,,,,103LET_PLV,103,LET_P,LV,1,0.559766
,,,,,,,,,,,,,,,,,,,,,,103PEP_PLA,103,PEP_P,LA,1,0.796285
,,,,,,,,,,,,,,,,,,,,,,103PEP_PLV,103,PEP_P,LV,1,0.561843
,,,,,,,,,,,,,,,,,,,,,,103TOM_PLA,103,TOM_P,LA,1,0.813489
,,,,,,,,,,,,,,,,,,,,,,103TOM_PLV,103,TOM_P,LV,1,0.678378
,,,,,,,,,,,,,,,,,,,,,,104CAUL_PLA,104,CAUL_P,LA,1,0.685989
,,,,,,,,,,,,,,,,,,,,,,104CAUL_PLV,104,CAUL_P,LV,1,0.694998
,,,,,,,,,,,,,,,,,,,,,,104CEL_PLA,104,CEL_P,LA,1,0.309416
,,,,,,,,,,,,,,,,,,,,,,104CEL_PLV,104,CEL_P,LV,1,0.290458
,,,,,,,,,,,,,,,,,,,,,,104CUX_PLA,104,CUX_P,LA,1,0.250739
,,,,,,,,,,,,,,,,,,,,,,104CUX_PLV,104,CUX_P,LV,1,0.191347
,,,,,,,,,,,,,,,,,,,,,,104LET_PLA,104,LET_P,LA,1,0.572776
,,,,,,,,,,,,,,,,,,,,,,104LET_PLV,104,LET_P,LV,1,0.481757
,,,,,,,,,,,,,,,,,,,,,,104PEP_PLA,104,PEP_P,LA,1,0.991098
,,,,,,,,,,,,,,,,,,,,,,104PEP_PLV,104,PEP_P,LV,1,0.79659
,,,,,,,,,,,,,,,,,,,,,,104TOM_PLA,104,TOM_P,LA,1,2.18571
,,,,,,,,,,,,,,,,,,,,,,104TOM_PLV,104,TOM_P,LV,1,1.80407
