WEEKS,WEEKH,WEEKP,PROD,QUAL,FAC,CUST,TRANS,WEEK1,WEEK,DC,WARE,SCEN,CROP,LOC,WORK,WORK3,Value,Dual,URC
0,0,0,,0,,,,ModelStochastic6.Models.WEEK1Model,1,,,0,,Albuquerque,ModelStochastic6.Models.WORKModel,ModelStochastic6.Models.WORK3Model,0,0,0
0,0,0,,0,,,,ModelStochastic6.Models.WEEK1Model,1,,,0,,Aspen,ModelStochastic6.Models.WORKModel,ModelStochastic6.Models.WORK3Model,0,0,0
0,0,0,,0,,,,ModelStochastic6.Models.WEEK1Model,1,,,0,,Las_Cruces,ModelStochastic6.Models.WORKModel,ModelStochastic6.Models.WORK3Model,0,0,0
0,0,0,,0,,,,ModelStochastic6.Models.WEEK1Model,1,,,0,,Phoenix,ModelStochastic6.Models.WORKModel,ModelStochastic6.Models.WORK3Model,0,0,0
0,0,0,,0,,,,ModelStochastic6.Models.WEEK1Model,1,,,0,,Tucson,ModelStochastic6.Models.WORKModel,ModelStochastic6.Models.WORK3Model,0,0,0
0,0,0,,0,,,,ModelStochastic6.Models.WEEK1Model,1,,,0,,Yuma,ModelStochastic6.Models.WORKModel,ModelStochastic6.Models.WORK3Model,0,0,0
0,0,0,,0,,,,ModelStochastic6.Models.WEEK1Model,2,,,0,,Albuquerque,ModelStochastic6.Models.WORKModel,ModelStochastic6.Models.WORK3Model,0,0,0
0,0,0,,0,,,,ModelStochastic6.Models.WEEK1Model,2,,,0,,Aspen,ModelStochastic6.Models.WORKModel,ModelStochastic6.Models.WORK3Model,0,0,0
0,0,0,,0,,,,ModelStochastic6.Models.WEEK1Model,2,,,0,,Las_Cruces,ModelStochastic6.Models.WORKModel,ModelStochastic6.Models.WORK3Model,0,0,0
0,0,0,,0,,,,ModelStochastic6.Models.WEEK1Model,2,,,0,,Phoenix,ModelStochastic6.Models.WORKModel,ModelStochastic6.Models.WORK3Model,0,0,0
0,0,0,,0,,,,ModelStochastic6.Models.WEEK1Model,2,,,0,,Tucson,ModelStochastic6.Models.WORKModel,ModelStochastic6.Models.WORK3Model,0,0,0
0,0,0,,0,,,,ModelStochastic6.Models.WEEK1Model,2,,,0,,Yuma,ModelStochastic6.Models.WORKModel,ModelStochastic6.Models.WORK3Model,0,0,0
0,0,0,,0,,,,ModelStochastic6.Models.WEEK1Model,3,,,0,,Albuquerque,ModelStochastic6.Models.WORKModel,ModelStochastic6.Models.WORK3Model,0,0,0
0,0,0,,0,,,,ModelStochastic6.Models.WEEK1Model,3,,,0,,Aspen,ModelStochastic6.Models.WORKModel,ModelStochastic6.Models.WORK3Model,0,0,0
0,0,0,,0,,,,ModelStochastic6.Models.WEEK1Model,3,,,0,,Las_Cruces,ModelStochastic6.Models.WORKModel,ModelStochastic6.Models.WORK3Model,0,0,0
0,0,0,,0,,,,ModelStochastic6.Models.WEEK1Model,3,,,0,,Phoenix,ModelStochastic6.Models.WORKModel,ModelStochastic6.Models.WORK3Model,0,0,0
0,0,0,,0,,,,ModelStochastic6.Models.WEEK1Model,3,,,0,,Tucson,ModelStochastic6.Models.WORKModel,ModelStochastic6.Models.WORK3Model,0,0,0
0,0,0,,0,,,,ModelStochastic6.Models.WEEK1Model,3,,,0,,Yuma,ModelStochastic6.Models.WORKModel,ModelStochastic6.Models.WORK3Model,0,0,0
0,0,0,,0,,,,ModelStochastic6.Models.WEEK1Model,4,,,0,,Albuquerque,ModelStochastic6.Models.WORKModel,ModelStochastic6.Models.WORK3Model,0,0,0
0,0,0,,0,,,,ModelStochastic6.Models.WEEK1Model,4,,,0,,Aspen,ModelStochastic6.Models.WORKModel,ModelStochastic6.Models.WORK3Model,0,0,0
0,0,0,,0,,,,ModelStochastic6.Models.WEEK1Model,4,,,0,,Las_Cruces,ModelStochastic6.Models.WORKModel,ModelStochastic6.Models.WORK3Model,0,0,0
0,0,0,,0,,,,ModelStochastic6.Models.WEEK1Model,4,,,0,,Phoenix,ModelStochastic6.Models.WORKModel,ModelStochastic6.Models.WORK3Model,0,0,0
0,0,0,,0,,,,ModelStochastic6.Models.WEEK1Model,4,,,0,,Tucson,ModelStochastic6.Models.WORKModel,ModelStochastic6.Models.WORK3Model,0,0,0
0,0,0,,0,,,,ModelStochastic6.Models.WEEK1Model,4,,,0,,Yuma,ModelStochastic6.Models.WORKModel,ModelStochastic6.Models.WORK3Model,0,0,0
0,0,0,,0,,,,ModelStochastic6.Models.WEEK1Model,5,,,0,,Albuquerque,ModelStochastic6.Models.WORKModel,ModelStochastic6.Models.WORK3Model,1.0604855465536704,0,0
0,0,0,,0,,,,ModelStochastic6.Models.WEEK1Model,5,,,0,,Aspen,ModelStochastic6.Models.WORKModel,ModelStochastic6.Models.WORK3Model,0,0,0
0,0,0,,0,,,,ModelStochastic6.Models.WEEK1Model,5,,,0,,Las_Cruces,ModelStochastic6.Models.WORKModel,ModelStochastic6.Models.WORK3Model,2.047063572034777,0,0
0,0,0,,0,,,,ModelStochastic6.Models.WEEK1Model,5,,,0,,Phoenix,ModelStochastic6.Models.WORKModel,ModelStochastic6.Models.WORK3Model,3.649305963921404,0,0
0,0,0,,0,,,,ModelStochastic6.Models.WEEK1Model,5,,,0,,Tucson,ModelStochastic6.Models.WORKModel,ModelStochastic6.Models.WORK3Model,0.9615081358313977,0,0
0,0,0,,0,,,,ModelStochastic6.Models.WEEK1Model,5,,,0,,Yuma,ModelStochastic6.Models.WORKModel,ModelStochastic6.Models.WORK3Model,0,0,0
0,0,0,,0,,,,ModelStochastic6.Models.WEEK1Model,6,,,0,,Albuquerque,ModelStochastic6.Models.WORKModel,ModelStochastic6.Models.WORK3Model,1.0604855465536704,0,0
0,0,0,,0,,,,ModelStochastic6.Models.WEEK1Model,6,,,0,,Aspen,ModelStochastic6.Models.WORKModel,ModelStochastic6.Models.WORK3Model,0,0,0
0,0,0,,0,,,,ModelStochastic6.Models.WEEK1Model,6,,,0,,Las_Cruces,ModelStochastic6.Models.WORKModel,ModelStochastic6.Models.WORK3Model,0,0,0
0,0,0,,0,,,,ModelStochastic6.Models.WEEK1Model,6,,,0,,Phoenix,ModelStochastic6.Models.WORKModel,ModelStochastic6.Models.WORK3Model,4.0716874030802295,0,0
0,0,0,,0,,,,ModelStochastic6.Models.WEEK1Model,6,,,0,,Tucson,ModelStochastic6.Models.WORKModel,ModelStochastic6.Models.WORK3Model,0,0,0
0,0,0,,0,,,,ModelStochastic6.Models.WEEK1Model,6,,,0,,Yuma,ModelStochastic6.Models.WORKModel,ModelStochastic6.Models.WORK3Model,0,0,0
0,0,0,,0,,,,ModelStochastic6.Models.WEEK1Model,7,,,0,,Albuquerque,ModelStochastic6.Models.WORKModel,ModelStochastic6.Models.WORK3Model,0,0,0
0,0,0,,0,,,,ModelStochastic6.Models.WEEK1Model,7,,,0,,Aspen,ModelStochastic6.Models.WORKModel,ModelStochastic6.Models.WORK3Model,0,0,0
0,0,0,,0,,,,ModelStochastic6.Models.WEEK1Model,7,,,0,,Las_Cruces,ModelStochastic6.Models.WORKModel,ModelStochastic6.Models.WORK3Model,0,0,0
0,0,0,,0,,,,ModelStochastic6.Models.WEEK1Model,7,,,0,,Phoenix,ModelStochastic6.Models.WORKModel,ModelStochastic6.Models.WORK3Model,0.8611762603517744,0,0
0,0,0,,0,,,,ModelStochastic6.Models.WEEK1Model,7,,,0,,Tucson,ModelStochastic6.Models.WORKModel,ModelStochastic6.Models.WORK3Model,0,0,0
0,0,0,,0,,,,ModelStochastic6.Models.WEEK1Model,7,,,0,,Yuma,ModelStochastic6.Models.WORKModel,ModelStochastic6.Models.WORK3Model,0,0,0
0,0,0,,0,,,,ModelStochastic6.Models.WEEK1Model,8,,,0,,Albuquerque,ModelStochastic6.Models.WORKModel,ModelStochastic6.Models.WORK3Model,0,0,0
0,0,0,,0,,,,ModelStochastic6.Models.WEEK1Model,8,,,0,,Aspen,ModelStochastic6.Models.WORKModel,ModelStochastic6.Models.WORK3Model,0,0,0
0,0,0,,0,,,,ModelStochastic6.Models.WEEK1Model,8,,,0,,Las_Cruces,ModelStochastic6.Models.WORKModel,ModelStochastic6.Models.WORK3Model,0,0,0
0,0,0,,0,,,,ModelStochastic6.Models.WEEK1Model,8,,,0,,Phoenix,ModelStochastic6.Models.WORKModel,ModelStochastic6.Models.WORK3Model,2.6332428026376555,0,0
0,0,0,,0,,,,ModelStochastic6.Models.WEEK1Model,8,,,0,,Tucson,ModelStochastic6.Models.WORKModel,ModelStochastic6.Models.WORK3Model,1.4451824097635875,0,0
0,0,0,,0,,,,ModelStochastic6.Models.WEEK1Model,8,,,0,,Yuma,ModelStochastic6.Models.WORKModel,ModelStochastic6.Models.WORK3Model,0,0,0
0,0,0,,0,,,,ModelStochastic6.Models.WEEK1Model,9,,,0,,Albuquerque,ModelStochastic6.Models.WORKModel,ModelStochastic6.Models.WORK3Model,0,0,0
0,0,0,,0,,,,ModelStochastic6.Models.WEEK1Model,9,,,0,,Aspen,ModelStochastic6.Models.WORKModel,ModelStochastic6.Models.WORK3Model,0,0,0
0,0,0,,0,,,,ModelStochastic6.Models.WEEK1Model,9,,,0,,Las_Cruces,ModelStochastic6.Models.WORKModel,ModelStochastic6.Models.WORK3Model,0,0,0
0,0,0,,0,,,,ModelStochastic6.Models.WEEK1Model,9,,,0,,Phoenix,ModelStochastic6.Models.WORKModel,ModelStochastic6.Models.WORK3Model,9.04044729212281,0,0
0,0,0,,0,,,,ModelStochastic6.Models.WEEK1Model,9,,,0,,Tucson,ModelStochastic6.Models.WORKModel,ModelStochastic6.Models.WORK3Model,0,0,0
0,0,0,,0,,,,ModelStochastic6.Models.WEEK1Model,9,,,0,,Yuma,ModelStochastic6.Models.WORKModel,ModelStochastic6.Models.WORK3Model,0,0,0
0,0,0,,0,,,,ModelStochastic6.Models.WEEK1Model,10,,,0,,Albuquerque,ModelStochastic6.Models.WORKModel,ModelStochastic6.Models.WORK3Model,0,0,0
0,0,0,,0,,,,ModelStochastic6.Models.WEEK1Model,10,,,0,,Aspen,ModelStochastic6.Models.WORKModel,ModelStochastic6.Models.WORK3Model,0,0,0
0,0,0,,0,,,,ModelStochastic6.Models.WEEK1Model,10,,,0,,Las_Cruces,ModelStochastic6.Models.WORKModel,ModelStochastic6.Models.WORK3Model,0,0,0
0,0,0,,0,,,,ModelStochastic6.Models.WEEK1Model,10,,,0,,Phoenix,ModelStochastic6.Models.WORKModel,ModelStochastic6.Models.WORK3Model,0,0,0
0,0,0,,0,,,,ModelStochastic6.Models.WEEK1Model,10,,,0,,Tucson,ModelStochastic6.Models.WORKModel,ModelStochastic6.Models.WORK3Model,3.0432003000992456,0,0
0,0,0,,0,,,,ModelStochastic6.Models.WEEK1Model,10,,,0,,Yuma,ModelStochastic6.Models.WORKModel,ModelStochastic6.Models.WORK3Model,0,0,0
0,0,0,,0,,,,ModelStochastic6.Models.WEEK1Model,11,,,0,,Albuquerque,ModelStochastic6.Models.WORKModel,ModelStochastic6.Models.WORK3Model,0,0,0
0,0,0,,0,,,,ModelStochastic6.Models.WEEK1Model,11,,,0,,Aspen,ModelStochastic6.Models.WORKModel,ModelStochastic6.Models.WORK3Model,0,0,0
0,0,0,,0,,,,ModelStochastic6.Models.WEEK1Model,11,,,0,,Las_Cruces,ModelStochastic6.Models.WORKModel,ModelStochastic6.Models.WORK3Model,0,0,0
0,0,0,,0,,,,ModelStochastic6.Models.WEEK1Model,11,,,0,,Phoenix,ModelStochastic6.Models.WORKModel,ModelStochastic6.Models.WORK3Model,0.5031378778570604,0,0
0,0,0,,0,,,,ModelStochastic6.Models.WEEK1Model,11,,,0,,Tucson,ModelStochastic6.Models.WORKModel,ModelStochastic6.Models.WORK3Model,0,0,0
0,0,0,,0,,,,ModelStochastic6.Models.WEEK1Model,11,,,0,,Yuma,ModelStochastic6.Models.WORKModel,ModelStochastic6.Models.WORK3Model,0,0,0
0,0,0,,0,,,,ModelStochastic6.Models.WEEK1Model,12,,,0,,Albuquerque,ModelStochastic6.Models.WORKModel,ModelStochastic6.Models.WORK3Model,0.9075248499823859,0,0
0,0,0,,0,,,,ModelStochastic6.Models.WEEK1Model,12,,,0,,Aspen,ModelStochastic6.Models.WORKModel,ModelStochastic6.Models.WORK3Model,0,0,0
0,0,0,,0,,,,ModelStochastic6.Models.WEEK1Model,12,,,0,,Las_Cruces,ModelStochastic6.Models.WORKModel,ModelStochastic6.Models.WORK3Model,0.7799999999999889,0,0
0,0,0,,0,,,,ModelStochastic6.Models.WEEK1Model,12,,,0,,Phoenix,ModelStochastic6.Models.WORKModel,ModelStochastic6.Models.WORK3Model,1.8822707722567609,0,0
0,0,0,,0,,,,ModelStochastic6.Models.WEEK1Model,12,,,0,,Tucson,ModelStochastic6.Models.WORKModel,ModelStochastic6.Models.WORK3Model,0,0,0
0,0,0,,0,,,,ModelStochastic6.Models.WEEK1Model,12,,,0,,Yuma,ModelStochastic6.Models.WORKModel,ModelStochastic6.Models.WORK3Model,0,0,0
0,0,0,,0,,,,ModelStochastic6.Models.WEEK1Model,13,,,0,,Albuquerque,ModelStochastic6.Models.WORKModel,ModelStochastic6.Models.WORK3Model,2.648916014711751,0,0
0,0,0,,0,,,,ModelStochastic6.Models.WEEK1Model,13,,,0,,Aspen,ModelStochastic6.Models.WORKModel,ModelStochastic6.Models.WORK3Model,0,0,0
0,0,0,,0,,,,ModelStochastic6.Models.WEEK1Model,13,,,0,,Las_Cruces,ModelStochastic6.Models.WORKModel,ModelStochastic6.Models.WORK3Model,0.9900912573505697,0,0
0,0,0,,0,,,,ModelStochastic6.Models.WEEK1Model,13,,,0,,Phoenix,ModelStochastic6.Models.WORKModel,ModelStochastic6.Models.WORK3Model,2.0792182746964407,0,0
0,0,0,,0,,,,ModelStochastic6.Models.WEEK1Model,13,,,0,,Tucson,ModelStochastic6.Models.WORKModel,ModelStochastic6.Models.WORK3Model,0,0,0
0,0,0,,0,,,,ModelStochastic6.Models.WEEK1Model,13,,,0,,Yuma,ModelStochastic6.Models.WORKModel,ModelStochastic6.Models.WORK3Model,0,0,0
0,0,0,,0,,,,ModelStochastic6.Models.WEEK1Model,14,,,0,,Albuquerque,ModelStochastic6.Models.WORKModel,ModelStochastic6.Models.WORK3Model,0.7799999999998615,0,0
0,0,0,,0,,,,ModelStochastic6.Models.WEEK1Model,14,,,0,,Aspen,ModelStochastic6.Models.WORKModel,ModelStochastic6.Models.WORK3Model,0,0,0
0,0,0,,0,,,,ModelStochastic6.Models.WEEK1Model,14,,,0,,Las_Cruces,ModelStochastic6.Models.WORKModel,ModelStochastic6.Models.WORK3Model,0,0,0
0,0,0,,0,,,,ModelStochastic6.Models.WEEK1Model,14,,,0,,Phoenix,ModelStochastic6.Models.WORKModel,ModelStochastic6.Models.WORK3Model,0,0,0
0,0,0,,0,,,,ModelStochastic6.Models.WEEK1Model,14,,,0,,Tucson,ModelStochastic6.Models.WORKModel,ModelStochastic6.Models.WORK3Model,0,0,0
0,0,0,,0,,,,ModelStochastic6.Models.WEEK1Model,14,,,0,,Yuma,ModelStochastic6.Models.WORKModel,ModelStochastic6.Models.WORK3Model,0,0,0
0,0,0,,0,,,,ModelStochastic6.Models.WEEK1Model,15,,,0,,Albuquerque,ModelStochastic6.Models.WORKModel,ModelStochastic6.Models.WORK3Model,0,0,0
0,0,0,,0,,,,ModelStochastic6.Models.WEEK1Model,15,,,0,,Aspen,ModelStochastic6.Models.WORKModel,ModelStochastic6.Models.WORK3Model,0,0,0
0,0,0,,0,,,,ModelStochastic6.Models.WEEK1Model,15,,,0,,Las_Cruces,ModelStochastic6.Models.WORKModel,ModelStochastic6.Models.WORK3Model,0,0,0
0,0,0,,0,,,,ModelStochastic6.Models.WEEK1Model,15,,,0,,Phoenix,ModelStochastic6.Models.WORKModel,ModelStochastic6.Models.WORK3Model,0.1572305868303314,0,0
0,0,0,,0,,,,ModelStochastic6.Models.WEEK1Model,15,,,0,,Tucson,ModelStochastic6.Models.WORKModel,ModelStochastic6.Models.WORK3Model,0,0,0
0,0,0,,0,,,,ModelStochastic6.Models.WEEK1Model,15,,,0,,Yuma,ModelStochastic6.Models.WORKModel,ModelStochastic6.Models.WORK3Model,0,0,0
0,0,0,,0,,,,ModelStochastic6.Models.WEEK1Model,16,,,0,,Albuquerque,ModelStochastic6.Models.WORKModel,ModelStochastic6.Models.WORK3Model,2.1300766543305087,0,0
0,0,0,,0,,,,ModelStochastic6.Models.WEEK1Model,16,,,0,,Aspen,ModelStochastic6.Models.WORKModel,ModelStochastic6.Models.WORK3Model,0,0,0
0,0,0,,0,,,,ModelStochastic6.Models.WEEK1Model,16,,,0,,Las_Cruces,ModelStochastic6.Models.WORKModel,ModelStochastic6.Models.WORK3Model,0,0,0
0,0,0,,0,,,,ModelStochastic6.Models.WEEK1Model,16,,,0,,Phoenix,ModelStochastic6.Models.WORKModel,ModelStochastic6.Models.WORK3Model,1.1964153658200916,0,0
0,0,0,,0,,,,ModelStochastic6.Models.WEEK1Model,16,,,0,,Tucson,ModelStochastic6.Models.WORKModel,ModelStochastic6.Models.WORK3Model,0,0,0
0,0,0,,0,,,,ModelStochastic6.Models.WEEK1Model,16,,,0,,Yuma,ModelStochastic6.Models.WORKModel,ModelStochastic6.Models.WORK3Model,0,0,0
0,0,0,,0,,,,ModelStochastic6.Models.WEEK1Model,17,,,0,,Albuquerque,ModelStochastic6.Models.WORKModel,ModelStochastic6.Models.WORK3Model,0.839330249857963,0,0
0,0,0,,0,,,,ModelStochastic6.Models.WEEK1Model,17,,,0,,Aspen,ModelStochastic6.Models.WORKModel,ModelStochastic6.Models.WORK3Model,1.2752224910535896,0,0
0,0,0,,0,,,,ModelStochastic6.Models.WEEK1Model,17,,,0,,Las_Cruces,ModelStochastic6.Models.WORKModel,ModelStochastic6.Models.WORK3Model,0,0,0
0,0,0,,0,,,,ModelStochastic6.Models.WEEK1Model,17,,,0,,Phoenix,ModelStochastic6.Models.WORKModel,ModelStochastic6.Models.WORK3Model,1.0969775926823557,0,0
0,0,0,,0,,,,ModelStochastic6.Models.WEEK1Model,17,,,0,,Tucson,ModelStochastic6.Models.WORKModel,ModelStochastic6.Models.WORK3Model,0,0,0
0,0,0,,0,,,,ModelStochastic6.Models.WEEK1Model,17,,,0,,Yuma,ModelStochastic6.Models.WORKModel,ModelStochastic6.Models.WORK3Model,0,0,0
0,0,0,,0,,,,ModelStochastic6.Models.WEEK1Model,18,,,0,,Albuquerque,ModelStochastic6.Models.WORKModel,ModelStochastic6.Models.WORK3Model,6.247689515626501,0,0
0,0,0,,0,,,,ModelStochastic6.Models.WEEK1Model,18,,,0,,Aspen,ModelStochastic6.Models.WORKModel,ModelStochastic6.Models.WORK3Model,6.699894847632182,0,0
0,0,0,,0,,,,ModelStochastic6.Models.WEEK1Model,18,,,0,,Las_Cruces,ModelStochastic6.Models.WORKModel,ModelStochastic6.Models.WORK3Model,4.950368432598065,0,0
0,0,0,,0,,,,ModelStochastic6.Models.WEEK1Model,18,,,0,,Phoenix,ModelStochastic6.Models.WORKModel,ModelStochastic6.Models.WORK3Model,4.950368432598065,0,0
0,0,0,,0,,,,ModelStochastic6.Models.WEEK1Model,18,,,0,,Tucson,ModelStochastic6.Models.WORKModel,ModelStochastic6.Models.WORK3Model,4.950368432598065,0,0
0,0,0,,0,,,,ModelStochastic6.Models.WEEK1Model,18,,,0,,Yuma,ModelStochastic6.Models.WORKModel,ModelStochastic6.Models.WORK3Model,4.950368432598065,0,0
0,0,0,,0,,,,ModelStochastic6.Models.WEEK1Model,19,,,0,,Albuquerque,ModelStochastic6.Models.WORKModel,ModelStochastic6.Models.WORK3Model,8.600578738886364,0,0
0,0,0,,0,,,,ModelStochastic6.Models.WEEK1Model,19,,,0,,Aspen,ModelStochastic6.Models.WORKModel,ModelStochastic6.Models.WORK3Model,9.570655940697021,0,0
0,0,0,,0,,,,ModelStochastic6.Models.WEEK1Model,19,,,0,,Las_Cruces,ModelStochastic6.Models.WORKModel,ModelStochastic6.Models.WORK3Model,7.760162713800108,0,0
0,0,0,,0,,,,ModelStochastic6.Models.WEEK1Model,19,,,0,,Phoenix,ModelStochastic6.Models.WORKModel,ModelStochastic6.Models.WORK3Model,7.917393300630439,0,0
0,0,0,,0,,,,ModelStochastic6.Models.WEEK1Model,19,,,0,,Tucson,ModelStochastic6.Models.WORKModel,ModelStochastic6.Models.WORK3Model,7.760162713800108,0,0
0,0,0,,0,,,,ModelStochastic6.Models.WEEK1Model,19,,,0,,Yuma,ModelStochastic6.Models.WORKModel,ModelStochastic6.Models.WORK3Model,7.760162713800108,0,0
0,0,0,,0,,,,ModelStochastic6.Models.WEEK1Model,20,,,0,,Albuquerque,ModelStochastic6.Models.WORKModel,ModelStochastic6.Models.WORK3Model,10.43106084621655,0,0
0,0,0,,0,,,,ModelStochastic6.Models.WEEK1Model,20,,,0,,Aspen,ModelStochastic6.Models.WORKModel,ModelStochastic6.Models.WORK3Model,10.298404600758523,0,0
0,0,0,,0,,,,ModelStochastic6.Models.WEEK1Model,20,,,0,,Las_Cruces,ModelStochastic6.Models.WORKModel,ModelStochastic6.Models.WORK3Model,9.39007671679612,0,0
0,0,0,,0,,,,ModelStochastic6.Models.WEEK1Model,20,,,0,,Phoenix,ModelStochastic6.Models.WORKModel,ModelStochastic6.Models.WORK3Model,9.592738265176425,0,0
0,0,0,,0,,,,ModelStochastic6.Models.WEEK1Model,20,,,0,,Tucson,ModelStochastic6.Models.WORKModel,ModelStochastic6.Models.WORK3Model,9.39007671679612,0,0
0,0,0,,0,,,,ModelStochastic6.Models.WEEK1Model,20,,,0,,Yuma,ModelStochastic6.Models.WORKModel,ModelStochastic6.Models.WORK3Model,9.39007671679612,0,0
0,0,0,,0,,,,ModelStochastic6.Models.WEEK1Model,21,,,0,,Albuquerque,ModelStochastic6.Models.WORKModel,ModelStochastic6.Models.WORK3Model,12.502798774573325,0,0
0,0,0,,0,,,,ModelStochastic6.Models.WEEK1Model,21,,,0,,Aspen,ModelStochastic6.Models.WORKModel,ModelStochastic6.Models.WORK3Model,12.871576354760368,0,0
0,0,0,,0,,,,ModelStochastic6.Models.WEEK1Model,21,,,0,,Las_Cruces,ModelStochastic6.Models.WORKModel,ModelStochastic6.Models.WORK3Model,11.019990598597888,0,0
0,0,0,,0,,,,ModelStochastic6.Models.WEEK1Model,21,,,0,,Phoenix,ModelStochastic6.Models.WORKModel,ModelStochastic6.Models.WORK3Model,11.019990598597888,0,0
0,0,0,,0,,,,ModelStochastic6.Models.WEEK1Model,21,,,0,,Tucson,ModelStochastic6.Models.WORKModel,ModelStochastic6.Models.WORK3Model,11.019990598597888,0,0
0,0,0,,0,,,,ModelStochastic6.Models.WEEK1Model,21,,,0,,Yuma,ModelStochastic6.Models.WORKModel,ModelStochastic6.Models.WORK3Model,11.019990598597888,0,0
0,0,0,,0,,,,ModelStochastic6.Models.WEEK1Model,22,,,0,,Albuquerque,ModelStochastic6.Models.WORKModel,ModelStochastic6.Models.WORK3Model,16.43578039109485,0,0
0,0,0,,0,,,,ModelStochastic6.Models.WEEK1Model,22,,,0,,Aspen,ModelStochastic6.Models.WORKModel,ModelStochastic6.Models.WORK3Model,15.657788562673128,0,0
0,0,0,,0,,,,ModelStochastic6.Models.WEEK1Model,22,,,0,,Las_Cruces,ModelStochastic6.Models.WORKModel,ModelStochastic6.Models.WORK3Model,13.821002144596628,0,0
0,0,0,,0,,,,ModelStochastic6.Models.WEEK1Model,22,,,0,,Phoenix,ModelStochastic6.Models.WORKModel,ModelStochastic6.Models.WORK3Model,13.821002144596628,0,0
0,0,0,,0,,,,ModelStochastic6.Models.WEEK1Model,22,,,0,,Tucson,ModelStochastic6.Models.WORKModel,ModelStochastic6.Models.WORK3Model,13.821002144596628,0,0
0,0,0,,0,,,,ModelStochastic6.Models.WEEK1Model,22,,,0,,Yuma,ModelStochastic6.Models.WORKModel,ModelStochastic6.Models.WORK3Model,13.821002144596628,0,0
0,0,0,,0,,,,ModelStochastic6.Models.WEEK1Model,23,,,0,,Albuquerque,ModelStochastic6.Models.WORKModel,ModelStochastic6.Models.WORK3Model,14.843413201501887,0,0
0,0,0,,0,,,,ModelStochastic6.Models.WEEK1Model,23,,,0,,Aspen,ModelStochastic6.Models.WORKModel,ModelStochastic6.Models.WORK3Model,11.147933542819471,0,0
0,0,0,,0,,,,ModelStochastic6.Models.WEEK1Model,23,,,0,,Las_Cruces,ModelStochastic6.Models.WORKModel,ModelStochastic6.Models.WORK3Model,9.149903191642064,0,0
0,0,0,,0,,,,ModelStochastic6.Models.WEEK1Model,23,,,0,,Phoenix,ModelStochastic6.Models.WORKModel,ModelStochastic6.Models.WORK3Model,9.149903191642064,0,0
0,0,0,,0,,,,ModelStochastic6.Models.WEEK1Model,23,,,0,,Tucson,ModelStochastic6.Models.WORKModel,ModelStochastic6.Models.WORK3Model,9.149903191642064,0,0
0,0,0,,0,,,,ModelStochastic6.Models.WEEK1Model,23,,,0,,Yuma,ModelStochastic6.Models.WORKModel,ModelStochastic6.Models.WORK3Model,9.149903191642064,0,0
0,0,0,,0,,,,ModelStochastic6.Models.WEEK1Model,24,,,0,,Albuquerque,ModelStochastic6.Models.WORKModel,ModelStochastic6.Models.WORK3Model,8.871984514907277,0,0
0,0,0,,0,,,,ModelStochastic6.Models.WEEK1Model,24,,,0,,Aspen,ModelStochastic6.Models.WORKModel,ModelStochastic6.Models.WORK3Model,8.489630270474997,0,0
0,0,0,,0,,,,ModelStochastic6.Models.WEEK1Model,24,,,0,,Las_Cruces,ModelStochastic6.Models.WORKModel,ModelStochastic6.Models.WORK3Model,8.510563169142527,0,0
0,0,0,,0,,,,ModelStochastic6.Models.WEEK1Model,24,,,0,,Phoenix,ModelStochastic6.Models.WORKModel,ModelStochastic6.Models.WORK3Model,7.431115663273018,0,0
0,0,0,,0,,,,ModelStochastic6.Models.WEEK1Model,24,,,0,,Tucson,ModelStochastic6.Models.WORKModel,ModelStochastic6.Models.WORK3Model,7.331115663273019,0,0
0,0,0,,0,,,,ModelStochastic6.Models.WEEK1Model,24,,,0,,Yuma,ModelStochastic6.Models.WORKModel,ModelStochastic6.Models.WORK3Model,7.331115663273019,0,0
0,0,0,,0,,,,ModelStochastic6.Models.WEEK1Model,25,,,0,,Albuquerque,ModelStochastic6.Models.WORKModel,ModelStochastic6.Models.WORK3Model,7.243142049811071,0,0
0,0,0,,0,,,,ModelStochastic6.Models.WEEK1Model,25,,,0,,Aspen,ModelStochastic6.Models.WORKModel,ModelStochastic6.Models.WORK3Model,12.16399823694218,0,0
0,0,0,,0,,,,ModelStochastic6.Models.WEEK1Model,25,,,0,,Las_Cruces,ModelStochastic6.Models.WORKModel,ModelStochastic6.Models.WORK3Model,7.2488281903991965,0,0
0,0,0,,0,,,,ModelStochastic6.Models.WEEK1Model,25,,,0,,Phoenix,ModelStochastic6.Models.WORKModel,ModelStochastic6.Models.WORK3Model,6.4631420498112035,0,0
0,0,0,,0,,,,ModelStochastic6.Models.WEEK1Model,25,,,0,,Tucson,ModelStochastic6.Models.WORKModel,ModelStochastic6.Models.WORK3Model,6.4631420498112035,0,0
0,0,0,,0,,,,ModelStochastic6.Models.WEEK1Model,25,,,0,,Yuma,ModelStochastic6.Models.WORKModel,ModelStochastic6.Models.WORK3Model,6.4631420498112035,0,0
0,0,0,,0,,,,ModelStochastic6.Models.WEEK1Model,26,,,0,,Albuquerque,ModelStochastic6.Models.WORKModel,ModelStochastic6.Models.WORK3Model,4.578729301257298,0,0
0,0,0,,0,,,,ModelStochastic6.Models.WEEK1Model,26,,,0,,Aspen,ModelStochastic6.Models.WORKModel,ModelStochastic6.Models.WORK3Model,11.25623373238104,0,0
0,0,0,,0,,,,ModelStochastic6.Models.WEEK1Model,26,,,0,,Las_Cruces,ModelStochastic6.Models.WORKModel,ModelStochastic6.Models.WORK3Model,3.693538989614183,0,0
0,0,0,,0,,,,ModelStochastic6.Models.WEEK1Model,26,,,0,,Phoenix,ModelStochastic6.Models.WORKModel,ModelStochastic6.Models.WORK3Model,3.693538989614183,0,0
0,0,0,,0,,,,ModelStochastic6.Models.WEEK1Model,26,,,0,,Tucson,ModelStochastic6.Models.WORKModel,ModelStochastic6.Models.WORK3Model,3.693538989614183,0,0
0,0,0,,0,,,,ModelStochastic6.Models.WEEK1Model,26,,,0,,Yuma,ModelStochastic6.Models.WORKModel,ModelStochastic6.Models.WORK3Model,3.693538989614183,0,0
0,0,0,,0,,,,ModelStochastic6.Models.WEEK1Model,27,,,0,,Albuquerque,ModelStochastic6.Models.WORKModel,ModelStochastic6.Models.WORK3Model,4.5087635215135045,0,0
0,0,0,,0,,,,ModelStochastic6.Models.WEEK1Model,27,,,0,,Aspen,ModelStochastic6.Models.WORKModel,ModelStochastic6.Models.WORK3Model,10.785874097266674,0,0
0,0,0,,0,,,,ModelStochastic6.Models.WEEK1Model,27,,,0,,Las_Cruces,ModelStochastic6.Models.WORKModel,ModelStochastic6.Models.WORK3Model,4.945783488787328,0,0
0,0,0,,0,,,,ModelStochastic6.Models.WEEK1Model,27,,,0,,Phoenix,ModelStochastic6.Models.WORKModel,ModelStochastic6.Models.WORK3Model,3.5944734123880835,0,0
0,0,0,,0,,,,ModelStochastic6.Models.WEEK1Model,27,,,0,,Tucson,ModelStochastic6.Models.WORKModel,ModelStochastic6.Models.WORK3Model,3.5944734123880835,0,0
0,0,0,,0,,,,ModelStochastic6.Models.WEEK1Model,27,,,0,,Yuma,ModelStochastic6.Models.WORKModel,ModelStochastic6.Models.WORK3Model,3.5944734123880835,0,0
0,0,0,,0,,,,ModelStochastic6.Models.WEEK1Model,28,,,0,,Albuquerque,ModelStochastic6.Models.WORKModel,ModelStochastic6.Models.WORK3Model,0.9140576194758792,0,0
0,0,0,,0,,,,ModelStochastic6.Models.WEEK1Model,28,,,0,,Aspen,ModelStochastic6.Models.WORKModel,ModelStochastic6.Models.WORK3Model,4.998848288852555,0,0
0,0,0,,0,,,,ModelStochastic6.Models.WEEK1Model,28,,,0,,Las_Cruces,ModelStochastic6.Models.WORKModel,ModelStochastic6.Models.WORK3Model,0.9140576194758792,0,0
0,0,0,,0,,,,ModelStochastic6.Models.WEEK1Model,28,,,0,,Phoenix,ModelStochastic6.Models.WORKModel,ModelStochastic6.Models.WORK3Model,0.9140576194758792,0,0
0,0,0,,0,,,,ModelStochastic6.Models.WEEK1Model,28,,,0,,Tucson,ModelStochastic6.Models.WORKModel,ModelStochastic6.Models.WORK3Model,0.9140576194758792,0,0
0,0,0,,0,,,,ModelStochastic6.Models.WEEK1Model,28,,,0,,Yuma,ModelStochastic6.Models.WORKModel,ModelStochastic6.Models.WORK3Model,0.9140576194758792,0,0
0,0,0,,0,,,,ModelStochastic6.Models.WEEK1Model,29,,,0,,Albuquerque,ModelStochastic6.Models.WORKModel,ModelStochastic6.Models.WORK3Model,15.645098121299831,0,0
0,0,0,,0,,,,ModelStochastic6.Models.WEEK1Model,29,,,0,,Aspen,ModelStochastic6.Models.WORKModel,ModelStochastic6.Models.WORK3Model,5.0873414779907336,0,0
0,0,0,,0,,,,ModelStochastic6.Models.WEEK1Model,29,,,0,,Las_Cruces,ModelStochastic6.Models.WORKModel,ModelStochastic6.Models.WORK3Model,0,0,0
0,0,0,,0,,,,ModelStochastic6.Models.WEEK1Model,29,,,0,,Phoenix,ModelStochastic6.Models.WORKModel,ModelStochastic6.Models.WORK3Model,0,0,0
0,0,0,,0,,,,ModelStochastic6.Models.WEEK1Model,29,,,0,,Tucson,ModelStochastic6.Models.WORKModel,ModelStochastic6.Models.WORK3Model,0,0,0
0,0,0,,0,,,,ModelStochastic6.Models.WEEK1Model,29,,,0,,Yuma,ModelStochastic6.Models.WORKModel,ModelStochastic6.Models.WORK3Model,0,0,0
0,0,0,,0,,,,ModelStochastic6.Models.WEEK1Model,30,,,0,,Albuquerque,ModelStochastic6.Models.WORKModel,ModelStochastic6.Models.WORK3Model,21.464107338947837,0,0
0,0,0,,0,,,,ModelStochastic6.Models.WEEK1Model,30,,,0,,Aspen,ModelStochastic6.Models.WORKModel,ModelStochastic6.Models.WORK3Model,4.603932243794737,0,0
0,0,0,,0,,,,ModelStochastic6.Models.WEEK1Model,30,,,0,,Las_Cruces,ModelStochastic6.Models.WORKModel,ModelStochastic6.Models.WORK3Model,0,0,0
0,0,0,,0,,,,ModelStochastic6.Models.WEEK1Model,30,,,0,,Phoenix,ModelStochastic6.Models.WORKModel,ModelStochastic6.Models.WORK3Model,0,0,0
0,0,0,,0,,,,ModelStochastic6.Models.WEEK1Model,30,,,0,,Tucson,ModelStochastic6.Models.WORKModel,ModelStochastic6.Models.WORK3Model,0,0,0
0,0,0,,0,,,,ModelStochastic6.Models.WEEK1Model,30,,,0,,Yuma,ModelStochastic6.Models.WORKModel,ModelStochastic6.Models.WORK3Model,0,0,0
0,0,0,,0,,,,ModelStochastic6.Models.WEEK1Model,31,,,0,,Albuquerque,ModelStochastic6.Models.WORKModel,ModelStochastic6.Models.WORK3Model,22.45207050111836,0,0
0,0,0,,0,,,,ModelStochastic6.Models.WEEK1Model,31,,,0,,Aspen,ModelStochastic6.Models.WORKModel,ModelStochastic6.Models.WORK3Model,4.7219254787114,0,0
0,0,0,,0,,,,ModelStochastic6.Models.WEEK1Model,31,,,0,,Las_Cruces,ModelStochastic6.Models.WORKModel,ModelStochastic6.Models.WORK3Model,12.849837340455224,0,0
0,0,0,,0,,,,ModelStochastic6.Models.WEEK1Model,31,,,0,,Phoenix,ModelStochastic6.Models.WORKModel,ModelStochastic6.Models.WORK3Model,0.13999034924734086,0,0
0,0,0,,0,,,,ModelStochastic6.Models.WEEK1Model,31,,,0,,Tucson,ModelStochastic6.Models.WORKModel,ModelStochastic6.Models.WORK3Model,0.13999034924734086,0,0
0,0,0,,0,,,,ModelStochastic6.Models.WEEK1Model,31,,,0,,Yuma,ModelStochastic6.Models.WORKModel,ModelStochastic6.Models.WORK3Model,0.13999034924734086,0,0
0,0,0,,0,,,,ModelStochastic6.Models.WEEK1Model,32,,,0,,Albuquerque,ModelStochastic6.Models.WORKModel,ModelStochastic6.Models.WORK3Model,11.330496517111794,0,0
0,0,0,,0,,,,ModelStochastic6.Models.WEEK1Model,32,,,0,,Aspen,ModelStochastic6.Models.WORKModel,ModelStochastic6.Models.WORK3Model,3.6396945750973377,0,0
0,0,0,,0,,,,ModelStochastic6.Models.WEEK1Model,32,,,0,,Las_Cruces,ModelStochastic6.Models.WORKModel,ModelStochastic6.Models.WORK3Model,17.62377806410294,0,0
0,0,0,,0,,,,ModelStochastic6.Models.WEEK1Model,32,,,0,,Phoenix,ModelStochastic6.Models.WORKModel,ModelStochastic6.Models.WORK3Model,0.18665379899645446,0,0
0,0,0,,0,,,,ModelStochastic6.Models.WEEK1Model,32,,,0,,Tucson,ModelStochastic6.Models.WORKModel,ModelStochastic6.Models.WORK3Model,0.18665379899645446,0,0
0,0,0,,0,,,,ModelStochastic6.Models.WEEK1Model,32,,,0,,Yuma,ModelStochastic6.Models.WORKModel,ModelStochastic6.Models.WORK3Model,1.4255422715034416,0,0
0,0,0,,0,,,,ModelStochastic6.Models.WEEK1Model,33,,,0,,Albuquerque,ModelStochastic6.Models.WORKModel,ModelStochastic6.Models.WORK3Model,15.512138615552487,0,0
0,0,0,,0,,,,ModelStochastic6.Models.WEEK1Model,33,,,0,,Aspen,ModelStochastic6.Models.WORKModel,ModelStochastic6.Models.WORK3Model,3.9661939873423426,0,0
0,0,0,,0,,,,ModelStochastic6.Models.WEEK1Model,33,,,0,,Las_Cruces,ModelStochastic6.Models.WORKModel,ModelStochastic6.Models.WORK3Model,18.3178244878528,0,0
0,0,0,,0,,,,ModelStochastic6.Models.WEEK1Model,33,,,0,,Phoenix,ModelStochastic6.Models.WORKModel,ModelStochastic6.Models.WORK3Model,0.2730581400869321,0,0
0,0,0,,0,,,,ModelStochastic6.Models.WEEK1Model,33,,,0,,Tucson,ModelStochastic6.Models.WORKModel,ModelStochastic6.Models.WORK3Model,0.2730581400869321,0,0
0,0,0,,0,,,,ModelStochastic6.Models.WEEK1Model,33,,,0,,Yuma,ModelStochastic6.Models.WORKModel,ModelStochastic6.Models.WORK3Model,0.2730581400869321,0,0
0,0,0,,0,,,,ModelStochastic6.Models.WEEK1Model,34,,,0,,Albuquerque,ModelStochastic6.Models.WORKModel,ModelStochastic6.Models.WORK3Model,12.824390030767654,0,0
0,0,0,,0,,,,ModelStochastic6.Models.WEEK1Model,34,,,0,,Aspen,ModelStochastic6.Models.WORKModel,ModelStochastic6.Models.WORK3Model,5.485248624694882,0,0
0,0,0,,0,,,,ModelStochastic6.Models.WEEK1Model,34,,,0,,Las_Cruces,ModelStochastic6.Models.WORKModel,ModelStochastic6.Models.WORK3Model,9.601004496380583,0,0
0,0,0,,0,,,,ModelStochastic6.Models.WEEK1Model,34,,,0,,Phoenix,ModelStochastic6.Models.WORKModel,ModelStochastic6.Models.WORK3Model,0.547911013476649,0,0
0,0,0,,0,,,,ModelStochastic6.Models.WEEK1Model,34,,,0,,Tucson,ModelStochastic6.Models.WORKModel,ModelStochastic6.Models.WORK3Model,14.817158449325367,0,0
0,0,0,,0,,,,ModelStochastic6.Models.WEEK1Model,34,,,0,,Yuma,ModelStochastic6.Models.WORKModel,ModelStochastic6.Models.WORK3Model,0.547911013476649,0,0
0,0,0,,0,,,,ModelStochastic6.Models.WEEK1Model,35,,,0,,Albuquerque,ModelStochastic6.Models.WORKModel,ModelStochastic6.Models.WORK3Model,14.752300454585685,0,0
0,0,0,,0,,,,ModelStochastic6.Models.WEEK1Model,35,,,0,,Aspen,ModelStochastic6.Models.WORKModel,ModelStochastic6.Models.WORK3Model,4.136204384892085,0,0
0,0,0,,0,,,,ModelStochastic6.Models.WEEK1Model,35,,,0,,Las_Cruces,ModelStochastic6.Models.WORKModel,ModelStochastic6.Models.WORK3Model,13.2350736038994,0,0
0,0,0,,0,,,,ModelStochastic6.Models.WEEK1Model,35,,,0,,Phoenix,ModelStochastic6.Models.WORKModel,ModelStochastic6.Models.WORK3Model,0.8550693605141413,0,0
0,0,0,,0,,,,ModelStochastic6.Models.WEEK1Model,35,,,0,,Tucson,ModelStochastic6.Models.WORKModel,ModelStochastic6.Models.WORK3Model,18.901648984566638,0,0
0,0,0,,0,,,,ModelStochastic6.Models.WEEK1Model,35,,,0,,Yuma,ModelStochastic6.Models.WORKModel,ModelStochastic6.Models.WORK3Model,0.8550693605141413,0,0
0,0,0,,0,,,,ModelStochastic6.Models.WEEK1Model,36,,,0,,Albuquerque,ModelStochastic6.Models.WORKModel,ModelStochastic6.Models.WORK3Model,9.95447748659961,0,0
0,0,0,,0,,,,ModelStochastic6.Models.WEEK1Model,36,,,0,,Aspen,ModelStochastic6.Models.WORKModel,ModelStochastic6.Models.WORK3Model,4.31127789806115,0,0
0,0,0,,0,,,,ModelStochastic6.Models.WEEK1Model,36,,,0,,Las_Cruces,ModelStochastic6.Models.WORKModel,ModelStochastic6.Models.WORK3Model,11.040336528968409,0,0
0,0,0,,0,,,,ModelStochastic6.Models.WEEK1Model,36,,,0,,Phoenix,ModelStochastic6.Models.WORKModel,ModelStochastic6.Models.WORK3Model,1.0671060199110916,0,0
0,0,0,,0,,,,ModelStochastic6.Models.WEEK1Model,36,,,0,,Tucson,ModelStochastic6.Models.WORKModel,ModelStochastic6.Models.WORK3Model,19.742565788471214,0,0
0,0,0,,0,,,,ModelStochastic6.Models.WEEK1Model,36,,,0,,Yuma,ModelStochastic6.Models.WORKModel,ModelStochastic6.Models.WORK3Model,18.38281887589453,0,0
0,0,0,,0,,,,ModelStochastic6.Models.WEEK1Model,37,,,0,,Albuquerque,ModelStochastic6.Models.WORKModel,ModelStochastic6.Models.WORK3Model,13.162509532961598,0,0
0,0,0,,0,,,,ModelStochastic6.Models.WEEK1Model,37,,,0,,Aspen,ModelStochastic6.Models.WORKModel,ModelStochastic6.Models.WORK3Model,4.710313600287467,0,0
0,0,0,,0,,,,ModelStochastic6.Models.WEEK1Model,37,,,0,,Las_Cruces,ModelStochastic6.Models.WORKModel,ModelStochastic6.Models.WORK3Model,13.44362307080217,0,0
0,0,0,,0,,,,ModelStochastic6.Models.WEEK1Model,37,,,0,,Phoenix,ModelStochastic6.Models.WORKModel,ModelStochastic6.Models.WORK3Model,2.153717476241997,0,0
0,0,0,,0,,,,ModelStochastic6.Models.WEEK1Model,37,,,0,,Tucson,ModelStochastic6.Models.WORKModel,ModelStochastic6.Models.WORK3Model,11.523231043920806,0,0
0,0,0,,0,,,,ModelStochastic6.Models.WEEK1Model,37,,,0,,Yuma,ModelStochastic6.Models.WORKModel,ModelStochastic6.Models.WORK3Model,25.909804942719873,0,0
0,0,0,,0,,,,ModelStochastic6.Models.WEEK1Model,38,,,0,,Albuquerque,ModelStochastic6.Models.WORKModel,ModelStochastic6.Models.WORK3Model,17.597996132864925,0,0
0,0,0,,0,,,,ModelStochastic6.Models.WEEK1Model,38,,,0,,Aspen,ModelStochastic6.Models.WORKModel,ModelStochastic6.Models.WORK3Model,4.115313600786127,0,0
0,0,0,,0,,,,ModelStochastic6.Models.WEEK1Model,38,,,0,,Las_Cruces,ModelStochastic6.Models.WORKModel,ModelStochastic6.Models.WORK3Model,8.761577692783204,0,0
0,0,0,,0,,,,ModelStochastic6.Models.WEEK1Model,38,,,0,,Phoenix,ModelStochastic6.Models.WORKModel,ModelStochastic6.Models.WORK3Model,1.5416081777404245,0,0
0,0,0,,0,,,,ModelStochastic6.Models.WEEK1Model,38,,,0,,Tucson,ModelStochastic6.Models.WORKModel,ModelStochastic6.Models.WORK3Model,14.354313353641487,0,0
0,0,0,,0,,,,ModelStochastic6.Models.WEEK1Model,38,,,0,,Yuma,ModelStochastic6.Models.WORKModel,ModelStochastic6.Models.WORK3Model,26.125538483697024,0,0
0,0,0,,0,,,,ModelStochastic6.Models.WEEK1Model,39,,,0,,Albuquerque,ModelStochastic6.Models.WORKModel,ModelStochastic6.Models.WORK3Model,8.979612904483837,0,0
0,0,0,,0,,,,ModelStochastic6.Models.WEEK1Model,39,,,0,,Aspen,ModelStochastic6.Models.WORKModel,ModelStochastic6.Models.WORK3Model,3.0333150686436077,0,0
0,0,0,,0,,,,ModelStochastic6.Models.WEEK1Model,39,,,0,,Las_Cruces,ModelStochastic6.Models.WORKModel,ModelStochastic6.Models.WORK3Model,9.665713820904363,0,0
0,0,0,,0,,,,ModelStochastic6.Models.WEEK1Model,39,,,0,,Phoenix,ModelStochastic6.Models.WORKModel,ModelStochastic6.Models.WORK3Model,0.722333503689327,0,0
0,0,0,,0,,,,ModelStochastic6.Models.WEEK1Model,39,,,0,,Tucson,ModelStochastic6.Models.WORKModel,ModelStochastic6.Models.WORK3Model,11.0441443570361,0,0
0,0,0,,0,,,,ModelStochastic6.Models.WEEK1Model,39,,,0,,Yuma,ModelStochastic6.Models.WORKModel,ModelStochastic6.Models.WORK3Model,13.056137940263568,0,0
0,0,0,,0,,,,ModelStochastic6.Models.WEEK1Model,40,,,0,,Albuquerque,ModelStochastic6.Models.WORKModel,ModelStochastic6.Models.WORK3Model,9.29661790014583,0,0
0,0,0,,0,,,,ModelStochastic6.Models.WEEK1Model,40,,,0,,Aspen,ModelStochastic6.Models.WORKModel,ModelStochastic6.Models.WORK3Model,3.1161111499795937,0,0
0,0,0,,0,,,,ModelStochastic6.Models.WEEK1Model,40,,,0,,Las_Cruces,ModelStochastic6.Models.WORKModel,ModelStochastic6.Models.WORK3Model,13.262907452714753,0,0
0,0,0,,0,,,,ModelStochastic6.Models.WEEK1Model,40,,,0,,Phoenix,ModelStochastic6.Models.WORKModel,ModelStochastic6.Models.WORK3Model,0.21893466591125083,0,0
0,0,0,,0,,,,ModelStochastic6.Models.WEEK1Model,40,,,0,,Tucson,ModelStochastic6.Models.WORKModel,ModelStochastic6.Models.WORK3Model,11.90344050314838,0,0
0,0,0,,0,,,,ModelStochastic6.Models.WEEK1Model,40,,,0,,Yuma,ModelStochastic6.Models.WORKModel,ModelStochastic6.Models.WORK3Model,17.085274503252055,0,0
0,0,0,,0,,,,ModelStochastic6.Models.WEEK1Model,41,,,0,,Albuquerque,ModelStochastic6.Models.WORKModel,ModelStochastic6.Models.WORK3Model,29.91291318880338,0,0
0,0,0,,0,,,,ModelStochastic6.Models.WEEK1Model,41,,,0,,Aspen,ModelStochastic6.Models.WORKModel,ModelStochastic6.Models.WORK3Model,25.17574631580801,0,0
0,0,0,,0,,,,ModelStochastic6.Models.WEEK1Model,41,,,0,,Las_Cruces,ModelStochastic6.Models.WORKModel,ModelStochastic6.Models.WORK3Model,29.776996195727097,0,0
0,0,0,,0,,,,ModelStochastic6.Models.WEEK1Model,41,,,0,,Phoenix,ModelStochastic6.Models.WORKModel,ModelStochastic6.Models.WORK3Model,23.06890418287678,0,0
0,0,0,,0,,,,ModelStochastic6.Models.WEEK1Model,41,,,0,,Tucson,ModelStochastic6.Models.WORKModel,ModelStochastic6.Models.WORK3Model,30.541223170543034,0,0
0,0,0,,0,,,,ModelStochastic6.Models.WEEK1Model,41,,,0,,Yuma,ModelStochastic6.Models.WORKModel,ModelStochastic6.Models.WORK3Model,36.65629007830353,0,0
0,0,0,,0,,,,ModelStochastic6.Models.WEEK1Model,42,,,0,,Albuquerque,ModelStochastic6.Models.WORKModel,ModelStochastic6.Models.WORK3Model,8.281374967725007,0,0
0,0,0,,0,,,,ModelStochastic6.Models.WEEK1Model,42,,,0,,Aspen,ModelStochastic6.Models.WORKModel,ModelStochastic6.Models.WORK3Model,1.407672394351995,0,0
0,0,0,,0,,,,ModelStochastic6.Models.WEEK1Model,42,,,0,,Las_Cruces,ModelStochastic6.Models.WORKModel,ModelStochastic6.Models.WORK3Model,7.374575988417572,0,0
0,0,0,,0,,,,ModelStochastic6.Models.WEEK1Model,42,,,0,,Phoenix,ModelStochastic6.Models.WORKModel,ModelStochastic6.Models.WORK3Model,0,0,0
0,0,0,,0,,,,ModelStochastic6.Models.WEEK1Model,42,,,0,,Tucson,ModelStochastic6.Models.WORKModel,ModelStochastic6.Models.WORK3Model,9.255965751518913,0,0
0,0,0,,0,,,,ModelStochastic6.Models.WEEK1Model,42,,,0,,Yuma,ModelStochastic6.Models.WORKModel,ModelStochastic6.Models.WORK3Model,15.38120510670178,0,0
0,0,0,,0,,,,ModelStochastic6.Models.WEEK1Model,43,,,0,,Albuquerque,ModelStochastic6.Models.WORKModel,ModelStochastic6.Models.WORK3Model,6.388279426962099,0,0
0,0,0,,0,,,,ModelStochastic6.Models.WEEK1Model,43,,,0,,Aspen,ModelStochastic6.Models.WORKModel,ModelStochastic6.Models.WORK3Model,3.1117440642177567,0,0
0,0,0,,0,,,,ModelStochastic6.Models.WEEK1Model,43,,,0,,Las_Cruces,ModelStochastic6.Models.WORKModel,ModelStochastic6.Models.WORK3Model,5.559971985944235,0,0
0,0,0,,0,,,,ModelStochastic6.Models.WEEK1Model,43,,,0,,Phoenix,ModelStochastic6.Models.WORKModel,ModelStochastic6.Models.WORK3Model,0,0,0
0,0,0,,0,,,,ModelStochastic6.Models.WEEK1Model,43,,,0,,Tucson,ModelStochastic6.Models.WORKModel,ModelStochastic6.Models.WORK3Model,13.499880480985137,0,0
0,0,0,,0,,,,ModelStochastic6.Models.WEEK1Model,43,,,0,,Yuma,ModelStochastic6.Models.WORKModel,ModelStochastic6.Models.WORK3Model,9.836382691146273,0,0
0,0,0,,0,,,,ModelStochastic6.Models.WEEK1Model,44,,,0,,Albuquerque,ModelStochastic6.Models.WORKModel,ModelStochastic6.Models.WORK3Model,10.858505283290565,0,0
0,0,0,,0,,,,ModelStochastic6.Models.WEEK1Model,44,,,0,,Aspen,ModelStochastic6.Models.WORKModel,ModelStochastic6.Models.WORK3Model,4.202675721289835,0,0
0,0,0,,0,,,,ModelStochastic6.Models.WEEK1Model,44,,,0,,Las_Cruces,ModelStochastic6.Models.WORKModel,ModelStochastic6.Models.WORK3Model,8.900788002488516,0,0
0,0,0,,0,,,,ModelStochastic6.Models.WEEK1Model,44,,,0,,Phoenix,ModelStochastic6.Models.WORKModel,ModelStochastic6.Models.WORK3Model,2.1731211064077702,0,0
0,0,0,,0,,,,ModelStochastic6.Models.WEEK1Model,44,,,0,,Tucson,ModelStochastic6.Models.WORKModel,ModelStochastic6.Models.WORK3Model,9.115671655159884,0,0
0,0,0,,0,,,,ModelStochastic6.Models.WEEK1Model,44,,,0,,Yuma,ModelStochastic6.Models.WORKModel,ModelStochastic6.Models.WORK3Model,14.357453903008368,0,0
0,0,0,,0,,,,ModelStochastic6.Models.WEEK1Model,45,,,0,,Albuquerque,ModelStochastic6.Models.WORKModel,ModelStochastic6.Models.WORK3Model,10.41554092838825,0,0
0,0,0,,0,,,,ModelStochastic6.Models.WEEK1Model,45,,,0,,Aspen,ModelStochastic6.Models.WORKModel,ModelStochastic6.Models.WORK3Model,6.848952510188276,0,0
0,0,0,,0,,,,ModelStochastic6.Models.WEEK1Model,45,,,0,,Las_Cruces,ModelStochastic6.Models.WORKModel,ModelStochastic6.Models.WORK3Model,9.910216419777836,0,0
0,0,0,,0,,,,ModelStochastic6.Models.WEEK1Model,45,,,0,,Phoenix,ModelStochastic6.Models.WORKModel,ModelStochastic6.Models.WORK3Model,4.7204724230157575,0,0
0,0,0,,0,,,,ModelStochastic6.Models.WEEK1Model,45,,,0,,Tucson,ModelStochastic6.Models.WORKModel,ModelStochastic6.Models.WORK3Model,12.352801627374424,0,0
0,0,0,,0,,,,ModelStochastic6.Models.WEEK1Model,45,,,0,,Yuma,ModelStochastic6.Models.WORKModel,ModelStochastic6.Models.WORK3Model,22.491393460365423,0,0
0,0,0,,0,,,,ModelStochastic6.Models.WEEK1Model,46,,,0,,Albuquerque,ModelStochastic6.Models.WORKModel,ModelStochastic6.Models.WORK3Model,9.077930924353126,0,0
0,0,0,,0,,,,ModelStochastic6.Models.WEEK1Model,46,,,0,,Aspen,ModelStochastic6.Models.WORKModel,ModelStochastic6.Models.WORK3Model,6.306599336659724,0,0
0,0,0,,0,,,,ModelStochastic6.Models.WEEK1Model,46,,,0,,Las_Cruces,ModelStochastic6.Models.WORKModel,ModelStochastic6.Models.WORK3Model,12.524811244143017,0,0
0,0,0,,0,,,,ModelStochastic6.Models.WEEK1Model,46,,,0,,Phoenix,ModelStochastic6.Models.WORKModel,ModelStochastic6.Models.WORK3Model,5.468933224576663,0,0
0,0,0,,0,,,,ModelStochastic6.Models.WEEK1Model,46,,,0,,Tucson,ModelStochastic6.Models.WORKModel,ModelStochastic6.Models.WORK3Model,11.223235116697241,0,0
0,0,0,,0,,,,ModelStochastic6.Models.WEEK1Model,46,,,0,,Yuma,ModelStochastic6.Models.WORKModel,ModelStochastic6.Models.WORK3Model,14.607941364201263,0,0
0,0,0,,0,,,,ModelStochastic6.Models.WEEK1Model,47,,,0,,Albuquerque,ModelStochastic6.Models.WORKModel,ModelStochastic6.Models.WORK3Model,18.000859163397756,0,0
0,0,0,,0,,,,ModelStochastic6.Models.WEEK1Model,47,,,0,,Aspen,ModelStochastic6.Models.WORKModel,ModelStochastic6.Models.WORK3Model,8.896681079591321,0,0
0,0,0,,0,,,,ModelStochastic6.Models.WEEK1Model,47,,,0,,Las_Cruces,ModelStochastic6.Models.WORKModel,ModelStochastic6.Models.WORK3Model,12.68564346222059,0,0
0,0,0,,0,,,,ModelStochastic6.Models.WEEK1Model,47,,,0,,Phoenix,ModelStochastic6.Models.WORKModel,ModelStochastic6.Models.WORK3Model,8.059053795187069,0,0
0,0,0,,0,,,,ModelStochastic6.Models.WEEK1Model,47,,,0,,Tucson,ModelStochastic6.Models.WORKModel,ModelStochastic6.Models.WORK3Model,15.021863400620699,0,0
0,0,0,,0,,,,ModelStochastic6.Models.WEEK1Model,47,,,0,,Yuma,ModelStochastic6.Models.WORKModel,ModelStochastic6.Models.WORK3Model,18.10607012342481,0,0
0,0,0,,0,,,,ModelStochastic6.Models.WEEK1Model,48,,,0,,Albuquerque,ModelStochastic6.Models.WORKModel,ModelStochastic6.Models.WORK3Model,31.362553401302723,0,0
0,0,0,,0,,,,ModelStochastic6.Models.WEEK1Model,48,,,0,,Aspen,ModelStochastic6.Models.WORKModel,ModelStochastic6.Models.WORK3Model,26.96051109603983,0,0
0,0,0,,0,,,,ModelStochastic6.Models.WEEK1Model,48,,,0,,Las_Cruces,ModelStochastic6.Models.WORKModel,ModelStochastic6.Models.WORK3Model,28.612367047834407,0,0
0,0,0,,0,,,,ModelStochastic6.Models.WEEK1Model,48,,,0,,Phoenix,ModelStochastic6.Models.WORKModel,ModelStochastic6.Models.WORK3Model,25.680470539411036,0,0
0,0,0,,0,,,,ModelStochastic6.Models.WEEK1Model,48,,,0,,Tucson,ModelStochastic6.Models.WORKModel,ModelStochastic6.Models.WORK3Model,31.051604382474427,0,0
0,0,0,,0,,,,ModelStochastic6.Models.WEEK1Model,48,,,0,,Yuma,ModelStochastic6.Models.WORKModel,ModelStochastic6.Models.WORK3Model,33.25529645686866,0,0
0,0,0,,0,,,,ModelStochastic6.Models.WEEK1Model,49,,,0,,Albuquerque,ModelStochastic6.Models.WORKModel,ModelStochastic6.Models.WORK3Model,83.3934037501113,0,0
0,0,0,,0,,,,ModelStochastic6.Models.WEEK1Model,49,,,0,,Aspen,ModelStochastic6.Models.WORKModel,ModelStochastic6.Models.WORK3Model,78.62372789155685,0,0
0,0,0,,0,,,,ModelStochastic6.Models.WEEK1Model,49,,,0,,Las_Cruces,ModelStochastic6.Models.WORKModel,ModelStochastic6.Models.WORK3Model,85.42026340154263,0,0
0,0,0,,0,,,,ModelStochastic6.Models.WEEK1Model,49,,,0,,Phoenix,ModelStochastic6.Models.WORKModel,ModelStochastic6.Models.WORK3Model,77.34368733492805,0,0
0,0,0,,0,,,,ModelStochastic6.Models.WEEK1Model,49,,,0,,Tucson,ModelStochastic6.Models.WORKModel,ModelStochastic6.Models.WORK3Model,84.64617956712002,0,0
0,0,0,,0,,,,ModelStochastic6.Models.WEEK1Model,49,,,0,,Yuma,ModelStochastic6.Models.WORKModel,ModelStochastic6.Models.WORK3Model,86.50936401410644,0,0
0,0,0,,0,,,,ModelStochastic6.Models.WEEK1Model,50,,,0,,Albuquerque,ModelStochastic6.Models.WORKModel,ModelStochastic6.Models.WORK3Model,71.58372824945641,0,0
0,0,0,,0,,,,ModelStochastic6.Models.WEEK1Model,50,,,0,,Aspen,ModelStochastic6.Models.WORKModel,ModelStochastic6.Models.WORK3Model,70.19047167648856,0,0
0,0,0,,0,,,,ModelStochastic6.Models.WEEK1Model,50,,,0,,Las_Cruces,ModelStochastic6.Models.WORKModel,ModelStochastic6.Models.WORK3Model,73.6883459486323,0,0
0,0,0,,0,,,,ModelStochastic6.Models.WEEK1Model,50,,,0,,Phoenix,ModelStochastic6.Models.WORKModel,ModelStochastic6.Models.WORK3Model,69.07230562685976,0,0
0,0,0,,0,,,,ModelStochastic6.Models.WEEK1Model,50,,,0,,Tucson,ModelStochastic6.Models.WORKModel,ModelStochastic6.Models.WORK3Model,73.86060199640616,0,0
0,0,0,,0,,,,ModelStochastic6.Models.WEEK1Model,50,,,0,,Yuma,ModelStochastic6.Models.WORKModel,ModelStochastic6.Models.WORK3Model,76.14273825332333,0,0
0,0,0,,0,,,,ModelStochastic6.Models.WEEK1Model,51,,,0,,Albuquerque,ModelStochastic6.Models.WORKModel,ModelStochastic6.Models.WORK3Model,65.5512562427819,0,0
0,0,0,,0,,,,ModelStochastic6.Models.WEEK1Model,51,,,0,,Aspen,ModelStochastic6.Models.WORKModel,ModelStochastic6.Models.WORK3Model,64.1581439638689,0,0
0,0,0,,0,,,,ModelStochastic6.Models.WEEK1Model,51,,,0,,Las_Cruces,ModelStochastic6.Models.WORKModel,ModelStochastic6.Models.WORK3Model,67.95467831311429,0,0
0,0,0,,0,,,,ModelStochastic6.Models.WEEK1Model,51,,,0,,Phoenix,ModelStochastic6.Models.WORKModel,ModelStochastic6.Models.WORK3Model,63.03997791424011,0,0
0,0,0,,0,,,,ModelStochastic6.Models.WEEK1Model,51,,,0,,Tucson,ModelStochastic6.Models.WORKModel,ModelStochastic6.Models.WORK3Model,66.07434889103149,0,0
0,0,0,,0,,,,ModelStochastic6.Models.WEEK1Model,51,,,0,,Yuma,ModelStochastic6.Models.WORKModel,ModelStochastic6.Models.WORK3Model,72.6528047105165,0,0
0,0,0,,0,,,,ModelStochastic6.Models.WEEK1Model,52,,,0,,Albuquerque,ModelStochastic6.Models.WORKModel,ModelStochastic6.Models.WORK3Model,58.065051378472134,0,0
0,0,0,,0,,,,ModelStochastic6.Models.WEEK1Model,52,,,0,,Aspen,ModelStochastic6.Models.WORKModel,ModelStochastic6.Models.WORK3Model,55.02781287478137,0,0
0,0,0,,0,,,,ModelStochastic6.Models.WEEK1Model,52,,,0,,Las_Cruces,ModelStochastic6.Models.WORKModel,ModelStochastic6.Models.WORK3Model,55.94988952711458,0,0
0,0,0,,0,,,,ModelStochastic6.Models.WEEK1Model,52,,,0,,Phoenix,ModelStochastic6.Models.WORKModel,ModelStochastic6.Models.WORK3Model,53.90964682515258,0,0
0,0,0,,0,,,,ModelStochastic6.Models.WEEK1Model,52,,,0,,Tucson,ModelStochastic6.Models.WORKModel,ModelStochastic6.Models.WORK3Model,62.268512132291946,0,0
0,0,0,,0,,,,ModelStochastic6.Models.WEEK1Model,52,,,0,,Yuma,ModelStochastic6.Models.WORKModel,ModelStochastic6.Models.WORK3Model,60.21284608728618,0,0
0,0,0,,0,,,,ModelStochastic6.Models.WEEK1Model,53,,,0,,Albuquerque,ModelStochastic6.Models.WORKModel,ModelStochastic6.Models.WORK3Model,22.884980213520446,0,0
0,0,0,,0,,,,ModelStochastic6.Models.WEEK1Model,53,,,0,,Aspen,ModelStochastic6.Models.WORKModel,ModelStochastic6.Models.WORK3Model,19.847741709829684,0,0
0,0,0,,0,,,,ModelStochastic6.Models.WEEK1Model,53,,,0,,Las_Cruces,ModelStochastic6.Models.WORKModel,ModelStochastic6.Models.WORK3Model,20.769701139800667,0,0
0,0,0,,0,,,,ModelStochastic6.Models.WEEK1Model,53,,,0,,Phoenix,ModelStochastic6.Models.WORKModel,ModelStochastic6.Models.WORK3Model,18.72957566020089,0,0
0,0,0,,0,,,,ModelStochastic6.Models.WEEK1Model,53,,,0,,Tucson,ModelStochastic6.Models.WORKModel,ModelStochastic6.Models.WORK3Model,23.506953968010777,0,0
0,0,0,,0,,,,ModelStochastic6.Models.WEEK1Model,53,,,0,,Yuma,ModelStochastic6.Models.WORKModel,ModelStochastic6.Models.WORK3Model,22.723949321696466,0,0
0,0,0,,0,,,,ModelStochastic6.Models.WEEK1Model,54,,,0,,Albuquerque,ModelStochastic6.Models.WORKModel,ModelStochastic6.Models.WORK3Model,21.545526202819083,0,0
0,0,0,,0,,,,ModelStochastic6.Models.WEEK1Model,54,,,0,,Aspen,ModelStochastic6.Models.WORKModel,ModelStochastic6.Models.WORK3Model,17.390121649499527,0,0
0,0,0,,0,,,,ModelStochastic6.Models.WEEK1Model,54,,,0,,Las_Cruces,ModelStochastic6.Models.WORKModel,ModelStochastic6.Models.WORK3Model,20.765911027730166,0,0
0,0,0,,0,,,,ModelStochastic6.Models.WEEK1Model,54,,,0,,Phoenix,ModelStochastic6.Models.WORKModel,ModelStochastic6.Models.WORK3Model,17.390121649499527,0,0
0,0,0,,0,,,,ModelStochastic6.Models.WEEK1Model,54,,,0,,Tucson,ModelStochastic6.Models.WORKModel,ModelStochastic6.Models.WORK3Model,22.476598681387777,0,0
0,0,0,,0,,,,ModelStochastic6.Models.WEEK1Model,54,,,0,,Yuma,ModelStochastic6.Models.WORKModel,ModelStochastic6.Models.WORK3Model,28.3935327940829,0,0
0,0,0,,0,,,,ModelStochastic6.Models.WEEK1Model,55,,,0,,Albuquerque,ModelStochastic6.Models.WORKModel,ModelStochastic6.Models.WORK3Model,5.244828157574433,0,0
0,0,0,,0,,,,ModelStochastic6.Models.WEEK1Model,55,,,0,,Aspen,ModelStochastic6.Models.WORKModel,ModelStochastic6.Models.WORK3Model,1.0894236042548744,0,0
0,0,0,,0,,,,ModelStochastic6.Models.WEEK1Model,55,,,0,,Las_Cruces,ModelStochastic6.Models.WORKModel,ModelStochastic6.Models.WORK3Model,4.4652129824855145,0,0
0,0,0,,0,,,,ModelStochastic6.Models.WEEK1Model,55,,,0,,Phoenix,ModelStochastic6.Models.WORKModel,ModelStochastic6.Models.WORK3Model,1.0894236042548744,0,0
0,0,0,,0,,,,ModelStochastic6.Models.WEEK1Model,55,,,0,,Tucson,ModelStochastic6.Models.WORKModel,ModelStochastic6.Models.WORK3Model,3.2009760491169432,0,0
0,0,0,,0,,,,ModelStochastic6.Models.WEEK1Model,55,,,0,,Yuma,ModelStochastic6.Models.WORKModel,ModelStochastic6.Models.WORK3Model,7.378250590035813,0,0
0,0,0,,0,,,,ModelStochastic6.Models.WEEK1Model,56,,,0,,Albuquerque,ModelStochastic6.Models.WORKModel,ModelStochastic6.Models.WORK3Model,4.155404553319558,0,0
0,0,0,,0,,,,ModelStochastic6.Models.WEEK1Model,56,,,0,,Aspen,ModelStochastic6.Models.WORKModel,ModelStochastic6.Models.WORK3Model,0,0,0
0,0,0,,0,,,,ModelStochastic6.Models.WEEK1Model,56,,,0,,Las_Cruces,ModelStochastic6.Models.WORKModel,ModelStochastic6.Models.WORK3Model,3.3757893782306403,0,0
0,0,0,,0,,,,ModelStochastic6.Models.WEEK1Model,56,,,0,,Phoenix,ModelStochastic6.Models.WORKModel,ModelStochastic6.Models.WORK3Model,0,0,0
0,0,0,,0,,,,ModelStochastic6.Models.WEEK1Model,56,,,0,,Tucson,ModelStochastic6.Models.WORKModel,ModelStochastic6.Models.WORK3Model,2.1114311253909506,0,0
0,0,0,,0,,,,ModelStochastic6.Models.WEEK1Model,56,,,0,,Yuma,ModelStochastic6.Models.WORKModel,ModelStochastic6.Models.WORK3Model,6.6957171820370505,0,0
0,0,0,,0,,,,ModelStochastic6.Models.WEEK1Model,57,,,0,,Albuquerque,ModelStochastic6.Models.WORKModel,ModelStochastic6.Models.WORK3Model,4.155404553319558,0,0
0,0,0,,0,,,,ModelStochastic6.Models.WEEK1Model,57,,,0,,Aspen,ModelStochastic6.Models.WORKModel,ModelStochastic6.Models.WORK3Model,0,0,0
0,0,0,,0,,,,ModelStochastic6.Models.WEEK1Model,57,,,0,,Las_Cruces,ModelStochastic6.Models.WORKModel,ModelStochastic6.Models.WORK3Model,3.3757893782306403,0,0
0,0,0,,0,,,,ModelStochastic6.Models.WEEK1Model,57,,,0,,Phoenix,ModelStochastic6.Models.WORKModel,ModelStochastic6.Models.WORK3Model,0,0,0
0,0,0,,0,,,,ModelStochastic6.Models.WEEK1Model,57,,,0,,Tucson,ModelStochastic6.Models.WORKModel,ModelStochastic6.Models.WORK3Model,3.493778611773739,0,0
0,0,0,,0,,,,ModelStochastic6.Models.WEEK1Model,57,,,0,,Yuma,ModelStochastic6.Models.WORKModel,ModelStochastic6.Models.WORK3Model,2.779597331748242,0,0
0,0,0,,0,,,,ModelStochastic6.Models.WEEK1Model,58,,,0,,Albuquerque,ModelStochastic6.Models.WORKModel,ModelStochastic6.Models.WORK3Model,0,0,0
0,0,0,,0,,,,ModelStochastic6.Models.WEEK1Model,58,,,0,,Aspen,ModelStochastic6.Models.WORKModel,ModelStochastic6.Models.WORK3Model,0,0,0
0,0,0,,0,,,,ModelStochastic6.Models.WEEK1Model,58,,,0,,Las_Cruces,ModelStochastic6.Models.WORKModel,ModelStochastic6.Models.WORK3Model,3.3757893782306403,0,0
0,0,0,,0,,,,ModelStochastic6.Models.WEEK1Model,58,,,0,,Phoenix,ModelStochastic6.Models.WORKModel,ModelStochastic6.Models.WORK3Model,0,0,0
0,0,0,,0,,,,ModelStochastic6.Models.WEEK1Model,58,,,0,,Tucson,ModelStochastic6.Models.WORKModel,ModelStochastic6.Models.WORK3Model,3.493778611773739,0,0
0,0,0,,0,,,,ModelStochastic6.Models.WEEK1Model,58,,,0,,Yuma,ModelStochastic6.Models.WORKModel,ModelStochastic6.Models.WORK3Model,2.779437629686837,0,0
0,0,0,,0,,,,ModelStochastic6.Models.WEEK1Model,59,,,0,,Albuquerque,ModelStochastic6.Models.WORKModel,ModelStochastic6.Models.WORK3Model,0,0,0
0,0,0,,0,,,,ModelStochastic6.Models.WEEK1Model,59,,,0,,Aspen,ModelStochastic6.Models.WORKModel,ModelStochastic6.Models.WORK3Model,0,0,0
0,0,0,,0,,,,ModelStochastic6.Models.WEEK1Model,59,,,0,,Las_Cruces,ModelStochastic6.Models.WORKModel,ModelStochastic6.Models.WORK3Model,3.3757893782306403,0,0
0,0,0,,0,,,,ModelStochastic6.Models.WEEK1Model,59,,,0,,Phoenix,ModelStochastic6.Models.WORKModel,ModelStochastic6.Models.WORK3Model,0,0,0
0,0,0,,0,,,,ModelStochastic6.Models.WEEK1Model,59,,,0,,Tucson,ModelStochastic6.Models.WORKModel,ModelStochastic6.Models.WORK3Model,3.493778611773739,0,0
0,0,0,,0,,,,ModelStochastic6.Models.WEEK1Model,59,,,0,,Yuma,ModelStochastic6.Models.WORKModel,ModelStochastic6.Models.WORK3Model,4.5991269270319854,0,0
0,0,0,,0,,,,ModelStochastic6.Models.WEEK1Model,60,,,0,,Albuquerque,ModelStochastic6.Models.WORKModel,ModelStochastic6.Models.WORK3Model,0,0,0
0,0,0,,0,,,,ModelStochastic6.Models.WEEK1Model,60,,,0,,Aspen,ModelStochastic6.Models.WORKModel,ModelStochastic6.Models.WORK3Model,0,0,0
0,0,0,,0,,,,ModelStochastic6.Models.WEEK1Model,60,,,0,,Las_Cruces,ModelStochastic6.Models.WORKModel,ModelStochastic6.Models.WORK3Model,0,0,0
0,0,0,,0,,,,ModelStochastic6.Models.WEEK1Model,60,,,0,,Phoenix,ModelStochastic6.Models.WORKModel,ModelStochastic6.Models.WORK3Model,0,0,0
0,0,0,,0,,,,ModelStochastic6.Models.WEEK1Model,60,,,0,,Tucson,ModelStochastic6.Models.WORKModel,ModelStochastic6.Models.WORK3Model,3.493778611773739,0,0
0,0,0,,0,,,,ModelStochastic6.Models.WEEK1Model,60,,,0,,Yuma,ModelStochastic6.Models.WORKModel,ModelStochastic6.Models.WORK3Model,4.5991269270319854,0,0
0,0,0,,0,,,,ModelStochastic6.Models.WEEK1Model,61,,,0,,Albuquerque,ModelStochastic6.Models.WORKModel,ModelStochastic6.Models.WORK3Model,0,0,0
0,0,0,,0,,,,ModelStochastic6.Models.WEEK1Model,61,,,0,,Aspen,ModelStochastic6.Models.WORKModel,ModelStochastic6.Models.WORK3Model,0,0,0
0,0,0,,0,,,,ModelStochastic6.Models.WEEK1Model,61,,,0,,Las_Cruces,ModelStochastic6.Models.WORKModel,ModelStochastic6.Models.WORK3Model,0,0,0
0,0,0,,0,,,,ModelStochastic6.Models.WEEK1Model,61,,,0,,Phoenix,ModelStochastic6.Models.WORKModel,ModelStochastic6.Models.WORK3Model,0,0,0
0,0,0,,0,,,,ModelStochastic6.Models.WEEK1Model,61,,,0,,Tucson,ModelStochastic6.Models.WORKModel,ModelStochastic6.Models.WORK3Model,3.493778611773739,0,0
0,0,0,,0,,,,ModelStochastic6.Models.WEEK1Model,61,,,0,,Yuma,ModelStochastic6.Models.WORKModel,ModelStochastic6.Models.WORK3Model,4.5991269270319854,0,0
0,0,0,,0,,,,ModelStochastic6.Models.WEEK1Model,62,,,0,,Albuquerque,ModelStochastic6.Models.WORKModel,ModelStochastic6.Models.WORK3Model,0,0,0
0,0,0,,0,,,,ModelStochastic6.Models.WEEK1Model,62,,,0,,Aspen,ModelStochastic6.Models.WORKModel,ModelStochastic6.Models.WORK3Model,0,0,0
0,0,0,,0,,,,ModelStochastic6.Models.WEEK1Model,62,,,0,,Las_Cruces,ModelStochastic6.Models.WORKModel,ModelStochastic6.Models.WORK3Model,0,0,0
0,0,0,,0,,,,ModelStochastic6.Models.WEEK1Model,62,,,0,,Phoenix,ModelStochastic6.Models.WORKModel,ModelStochastic6.Models.WORK3Model,0,0,0
0,0,0,,0,,,,ModelStochastic6.Models.WEEK1Model,62,,,0,,Tucson,ModelStochastic6.Models.WORKModel,ModelStochastic6.Models.WORK3Model,3.493778611773739,0,0
0,0,0,,0,,,,ModelStochastic6.Models.WEEK1Model,62,,,0,,Yuma,ModelStochastic6.Models.WORKModel,ModelStochastic6.Models.WORK3Model,4.5991269270319854,0,0
0,0,0,,0,,,,ModelStochastic6.Models.WEEK1Model,63,,,0,,Albuquerque,ModelStochastic6.Models.WORKModel,ModelStochastic6.Models.WORK3Model,0,0,0
0,0,0,,0,,,,ModelStochastic6.Models.WEEK1Model,63,,,0,,Aspen,ModelStochastic6.Models.WORKModel,ModelStochastic6.Models.WORK3Model,0,0,0
0,0,0,,0,,,,ModelStochastic6.Models.WEEK1Model,63,,,0,,Las_Cruces,ModelStochastic6.Models.WORKModel,ModelStochastic6.Models.WORK3Model,0,0,0
0,0,0,,0,,,,ModelStochastic6.Models.WEEK1Model,63,,,0,,Phoenix,ModelStochastic6.Models.WORKModel,ModelStochastic6.Models.WORK3Model,0,0,0
0,0,0,,0,,,,ModelStochastic6.Models.WEEK1Model,63,,,0,,Tucson,ModelStochastic6.Models.WORKModel,ModelStochastic6.Models.WORK3Model,0,0,0
0,0,0,,0,,,,ModelStochastic6.Models.WEEK1Model,63,,,0,,Yuma,ModelStochastic6.Models.WORKModel,ModelStochastic6.Models.WORK3Model,4.5991269270319854,0,0
0,0,0,,0,,,,ModelStochastic6.Models.WEEK1Model,64,,,0,,Albuquerque,ModelStochastic6.Models.WORKModel,ModelStochastic6.Models.WORK3Model,0,0,0
0,0,0,,0,,,,ModelStochastic6.Models.WEEK1Model,64,,,0,,Aspen,ModelStochastic6.Models.WORKModel,ModelStochastic6.Models.WORK3Model,0,0,0
0,0,0,,0,,,,ModelStochastic6.Models.WEEK1Model,64,,,0,,Las_Cruces,ModelStochastic6.Models.WORKModel,ModelStochastic6.Models.WORK3Model,0,0,0
0,0,0,,0,,,,ModelStochastic6.Models.WEEK1Model,64,,,0,,Phoenix,ModelStochastic6.Models.WORKModel,ModelStochastic6.Models.WORK3Model,0,0,0
0,0,0,,0,,,,ModelStochastic6.Models.WEEK1Model,64,,,0,,Tucson,ModelStochastic6.Models.WORKModel,ModelStochastic6.Models.WORK3Model,0,0,0
0,0,0,,0,,,,ModelStochastic6.Models.WEEK1Model,64,,,0,,Yuma,ModelStochastic6.Models.WORKModel,ModelStochastic6.Models.WORK3Model,4.5991269270319854,0,0
0,0,0,,0,,,,ModelStochastic6.Models.WEEK1Model,65,,,0,,Albuquerque,ModelStochastic6.Models.WORKModel,ModelStochastic6.Models.WORK3Model,0,0,0
0,0,0,,0,,,,ModelStochastic6.Models.WEEK1Model,65,,,0,,Aspen,ModelStochastic6.Models.WORKModel,ModelStochastic6.Models.WORK3Model,0,0,0
0,0,0,,0,,,,ModelStochastic6.Models.WEEK1Model,65,,,0,,Las_Cruces,ModelStochastic6.Models.WORKModel,ModelStochastic6.Models.WORK3Model,0,0,0
0,0,0,,0,,,,ModelStochastic6.Models.WEEK1Model,65,,,0,,Phoenix,ModelStochastic6.Models.WORKModel,ModelStochastic6.Models.WORK3Model,0,0,0
0,0,0,,0,,,,ModelStochastic6.Models.WEEK1Model,65,,,0,,Tucson,ModelStochastic6.Models.WORKModel,ModelStochastic6.Models.WORK3Model,0,0,0
0,0,0,,0,,,,ModelStochastic6.Models.WEEK1Model,65,,,0,,Yuma,ModelStochastic6.Models.WORKModel,ModelStochastic6.Models.WORK3Model,0,0,0
0,0,0,,0,,,,ModelStochastic6.Models.WEEK1Model,66,,,0,,Albuquerque,ModelStochastic6.Models.WORKModel,ModelStochastic6.Models.WORK3Model,0,0,0
0,0,0,,0,,,,ModelStochastic6.Models.WEEK1Model,66,,,0,,Aspen,ModelStochastic6.Models.WORKModel,ModelStochastic6.Models.WORK3Model,0,0,0
0,0,0,,0,,,,ModelStochastic6.Models.WEEK1Model,66,,,0,,Las_Cruces,ModelStochastic6.Models.WORKModel,ModelStochastic6.Models.WORK3Model,0,0,0
0,0,0,,0,,,,ModelStochastic6.Models.WEEK1Model,66,,,0,,Phoenix,ModelStochastic6.Models.WORKModel,ModelStochastic6.Models.WORK3Model,0,0,0
0,0,0,,0,,,,ModelStochastic6.Models.WEEK1Model,66,,,0,,Tucson,ModelStochastic6.Models.WORKModel,ModelStochastic6.Models.WORK3Model,0,0,0
0,0,0,,0,,,,ModelStochastic6.Models.WEEK1Model,66,,,0,,Yuma,ModelStochastic6.Models.WORKModel,ModelStochastic6.Models.WORK3Model,0,0,0
0,0,0,,0,,,,ModelStochastic6.Models.WEEK1Model,67,,,0,,Albuquerque,ModelStochastic6.Models.WORKModel,ModelStochastic6.Models.WORK3Model,0,0,0
0,0,0,,0,,,,ModelStochastic6.Models.WEEK1Model,67,,,0,,Aspen,ModelStochastic6.Models.WORKModel,ModelStochastic6.Models.WORK3Model,0,0,0
0,0,0,,0,,,,ModelStochastic6.Models.WEEK1Model,67,,,0,,Las_Cruces,ModelStochastic6.Models.WORKModel,ModelStochastic6.Models.WORK3Model,0,0,0
0,0,0,,0,,,,ModelStochastic6.Models.WEEK1Model,67,,,0,,Phoenix,ModelStochastic6.Models.WORKModel,ModelStochastic6.Models.WORK3Model,0,0,0
0,0,0,,0,,,,ModelStochastic6.Models.WEEK1Model,67,,,0,,Tucson,ModelStochastic6.Models.WORKModel,ModelStochastic6.Models.WORK3Model,0,0,0
0,0,0,,0,,,,ModelStochastic6.Models.WEEK1Model,67,,,0,,Yuma,ModelStochastic6.Models.WORKModel,ModelStochastic6.Models.WORK3Model,0,0,0
0,0,0,,0,,,,ModelStochastic6.Models.WEEK1Model,68,,,0,,Albuquerque,ModelStochastic6.Models.WORKModel,ModelStochastic6.Models.WORK3Model,0,0,0
0,0,0,,0,,,,ModelStochastic6.Models.WEEK1Model,68,,,0,,Aspen,ModelStochastic6.Models.WORKModel,ModelStochastic6.Models.WORK3Model,0,0,0
0,0,0,,0,,,,ModelStochastic6.Models.WEEK1Model,68,,,0,,Las_Cruces,ModelStochastic6.Models.WORKModel,ModelStochastic6.Models.WORK3Model,0,0,0
0,0,0,,0,,,,ModelStochastic6.Models.WEEK1Model,68,,,0,,Phoenix,ModelStochastic6.Models.WORKModel,ModelStochastic6.Models.WORK3Model,0,0,0
0,0,0,,0,,,,ModelStochastic6.Models.WEEK1Model,68,,,0,,Tucson,ModelStochastic6.Models.WORKModel,ModelStochastic6.Models.WORK3Model,0,0,0
0,0,0,,0,,,,ModelStochastic6.Models.WEEK1Model,68,,,0,,Yuma,ModelStochastic6.Models.WORKModel,ModelStochastic6.Models.WORK3Model,0,0,0
0,0,0,,0,,,,ModelStochastic6.Models.WEEK1Model,69,,,0,,Albuquerque,ModelStochastic6.Models.WORKModel,ModelStochastic6.Models.WORK3Model,0,0,0
0,0,0,,0,,,,ModelStochastic6.Models.WEEK1Model,69,,,0,,Aspen,ModelStochastic6.Models.WORKModel,ModelStochastic6.Models.WORK3Model,0,0,0
0,0,0,,0,,,,ModelStochastic6.Models.WEEK1Model,69,,,0,,Las_Cruces,ModelStochastic6.Models.WORKModel,ModelStochastic6.Models.WORK3Model,0,0,0
0,0,0,,0,,,,ModelStochastic6.Models.WEEK1Model,69,,,0,,Phoenix,ModelStochastic6.Models.WORKModel,ModelStochastic6.Models.WORK3Model,0,0,0
0,0,0,,0,,,,ModelStochastic6.Models.WEEK1Model,69,,,0,,Tucson,ModelStochastic6.Models.WORKModel,ModelStochastic6.Models.WORK3Model,0,0,0
0,0,0,,0,,,,ModelStochastic6.Models.WEEK1Model,69,,,0,,Yuma,ModelStochastic6.Models.WORKModel,ModelStochastic6.Models.WORK3Model,0,0,0
0,0,0,,0,,,,ModelStochastic6.Models.WEEK1Model,70,,,0,,Albuquerque,ModelStochastic6.Models.WORKModel,ModelStochastic6.Models.WORK3Model,0,0,0
0,0,0,,0,,,,ModelStochastic6.Models.WEEK1Model,70,,,0,,Aspen,ModelStochastic6.Models.WORKModel,ModelStochastic6.Models.WORK3Model,0,0,0
0,0,0,,0,,,,ModelStochastic6.Models.WEEK1Model,70,,,0,,Las_Cruces,ModelStochastic6.Models.WORKModel,ModelStochastic6.Models.WORK3Model,0,0,0
0,0,0,,0,,,,ModelStochastic6.Models.WEEK1Model,70,,,0,,Phoenix,ModelStochastic6.Models.WORKModel,ModelStochastic6.Models.WORK3Model,0,0,0
0,0,0,,0,,,,ModelStochastic6.Models.WEEK1Model,70,,,0,,Tucson,ModelStochastic6.Models.WORKModel,ModelStochastic6.Models.WORK3Model,0,0,0
0,0,0,,0,,,,ModelStochastic6.Models.WEEK1Model,70,,,0,,Yuma,ModelStochastic6.Models.WORKModel,ModelStochastic6.Models.WORK3Model,0,0,0
0,0,0,,0,,,,ModelStochastic6.Models.WEEK1Model,71,,,0,,Albuquerque,ModelStochastic6.Models.WORKModel,ModelStochastic6.Models.WORK3Model,0,0,0
0,0,0,,0,,,,ModelStochastic6.Models.WEEK1Model,71,,,0,,Aspen,ModelStochastic6.Models.WORKModel,ModelStochastic6.Models.WORK3Model,0,0,0
0,0,0,,0,,,,ModelStochastic6.Models.WEEK1Model,71,,,0,,Las_Cruces,ModelStochastic6.Models.WORKModel,ModelStochastic6.Models.WORK3Model,0,0,0
0,0,0,,0,,,,ModelStochastic6.Models.WEEK1Model,71,,,0,,Phoenix,ModelStochastic6.Models.WORKModel,ModelStochastic6.Models.WORK3Model,0,0,0
0,0,0,,0,,,,ModelStochastic6.Models.WEEK1Model,71,,,0,,Tucson,ModelStochastic6.Models.WORKModel,ModelStochastic6.Models.WORK3Model,0,0,0
0,0,0,,0,,,,ModelStochastic6.Models.WEEK1Model,71,,,0,,Yuma,ModelStochastic6.Models.WORKModel,ModelStochastic6.Models.WORK3Model,0,0,0
0,0,0,,0,,,,ModelStochastic6.Models.WEEK1Model,72,,,0,,Albuquerque,ModelStochastic6.Models.WORKModel,ModelStochastic6.Models.WORK3Model,0,0,0
0,0,0,,0,,,,ModelStochastic6.Models.WEEK1Model,72,,,0,,Aspen,ModelStochastic6.Models.WORKModel,ModelStochastic6.Models.WORK3Model,0,0,0
0,0,0,,0,,,,ModelStochastic6.Models.WEEK1Model,72,,,0,,Las_Cruces,ModelStochastic6.Models.WORKModel,ModelStochastic6.Models.WORK3Model,0,0,0
0,0,0,,0,,,,ModelStochastic6.Models.WEEK1Model,72,,,0,,Phoenix,ModelStochastic6.Models.WORKModel,ModelStochastic6.Models.WORK3Model,0,0,0
0,0,0,,0,,,,ModelStochastic6.Models.WEEK1Model,72,,,0,,Tucson,ModelStochastic6.Models.WORKModel,ModelStochastic6.Models.WORK3Model,0,0,0
0,0,0,,0,,,,ModelStochastic6.Models.WEEK1Model,72,,,0,,Yuma,ModelStochastic6.Models.WORKModel,ModelStochastic6.Models.WORK3Model,0,0,0
0,0,0,,0,,,,ModelStochastic6.Models.WEEK1Model,73,,,0,,Albuquerque,ModelStochastic6.Models.WORKModel,ModelStochastic6.Models.WORK3Model,0,0,0
0,0,0,,0,,,,ModelStochastic6.Models.WEEK1Model,73,,,0,,Aspen,ModelStochastic6.Models.WORKModel,ModelStochastic6.Models.WORK3Model,0,0,0
0,0,0,,0,,,,ModelStochastic6.Models.WEEK1Model,73,,,0,,Las_Cruces,ModelStochastic6.Models.WORKModel,ModelStochastic6.Models.WORK3Model,0,0,0
0,0,0,,0,,,,ModelStochastic6.Models.WEEK1Model,73,,,0,,Phoenix,ModelStochastic6.Models.WORKModel,ModelStochastic6.Models.WORK3Model,0,0,0
0,0,0,,0,,,,ModelStochastic6.Models.WEEK1Model,73,,,0,,Tucson,ModelStochastic6.Models.WORKModel,ModelStochastic6.Models.WORK3Model,0,0,0
0,0,0,,0,,,,ModelStochastic6.Models.WEEK1Model,73,,,0,,Yuma,ModelStochastic6.Models.WORKModel,ModelStochastic6.Models.WORK3Model,0,0,0
0,0,0,,0,,,,ModelStochastic6.Models.WEEK1Model,74,,,0,,Albuquerque,ModelStochastic6.Models.WORKModel,ModelStochastic6.Models.WORK3Model,0,0,0
0,0,0,,0,,,,ModelStochastic6.Models.WEEK1Model,74,,,0,,Aspen,ModelStochastic6.Models.WORKModel,ModelStochastic6.Models.WORK3Model,0,0,0
0,0,0,,0,,,,ModelStochastic6.Models.WEEK1Model,74,,,0,,Las_Cruces,ModelStochastic6.Models.WORKModel,ModelStochastic6.Models.WORK3Model,0,0,0
0,0,0,,0,,,,ModelStochastic6.Models.WEEK1Model,74,,,0,,Phoenix,ModelStochastic6.Models.WORKModel,ModelStochastic6.Models.WORK3Model,0,0,0
0,0,0,,0,,,,ModelStochastic6.Models.WEEK1Model,74,,,0,,Tucson,ModelStochastic6.Models.WORKModel,ModelStochastic6.Models.WORK3Model,0,0,0
0,0,0,,0,,,,ModelStochastic6.Models.WEEK1Model,74,,,0,,Yuma,ModelStochastic6.Models.WORKModel,ModelStochastic6.Models.WORK3Model,0,0,0
0,0,0,,0,,,,ModelStochastic6.Models.WEEK1Model,75,,,0,,Albuquerque,ModelStochastic6.Models.WORKModel,ModelStochastic6.Models.WORK3Model,0,0,0
0,0,0,,0,,,,ModelStochastic6.Models.WEEK1Model,75,,,0,,Aspen,ModelStochastic6.Models.WORKModel,ModelStochastic6.Models.WORK3Model,0,0,0
0,0,0,,0,,,,ModelStochastic6.Models.WEEK1Model,75,,,0,,Las_Cruces,ModelStochastic6.Models.WORKModel,ModelStochastic6.Models.WORK3Model,0,0,0
0,0,0,,0,,,,ModelStochastic6.Models.WEEK1Model,75,,,0,,Phoenix,ModelStochastic6.Models.WORKModel,ModelStochastic6.Models.WORK3Model,0,0,0
0,0,0,,0,,,,ModelStochastic6.Models.WEEK1Model,75,,,0,,Tucson,ModelStochastic6.Models.WORKModel,ModelStochastic6.Models.WORK3Model,0,0,0
0,0,0,,0,,,,ModelStochastic6.Models.WEEK1Model,75,,,0,,Yuma,ModelStochastic6.Models.WORKModel,ModelStochastic6.Models.WORK3Model,0,0,0
0,0,0,,0,,,,ModelStochastic6.Models.WEEK1Model,76,,,0,,Albuquerque,ModelStochastic6.Models.WORKModel,ModelStochastic6.Models.WORK3Model,0,0,0
0,0,0,,0,,,,ModelStochastic6.Models.WEEK1Model,76,,,0,,Aspen,ModelStochastic6.Models.WORKModel,ModelStochastic6.Models.WORK3Model,0,0,0
0,0,0,,0,,,,ModelStochastic6.Models.WEEK1Model,76,,,0,,Las_Cruces,ModelStochastic6.Models.WORKModel,ModelStochastic6.Models.WORK3Model,0,0,0
0,0,0,,0,,,,ModelStochastic6.Models.WEEK1Model,76,,,0,,Phoenix,ModelStochastic6.Models.WORKModel,ModelStochastic6.Models.WORK3Model,0,0,0
0,0,0,,0,,,,ModelStochastic6.Models.WEEK1Model,76,,,0,,Tucson,ModelStochastic6.Models.WORKModel,ModelStochastic6.Models.WORK3Model,0,0,0
0,0,0,,0,,,,ModelStochastic6.Models.WEEK1Model,76,,,0,,Yuma,ModelStochastic6.Models.WORKModel,ModelStochastic6.Models.WORK3Model,0,0,0
0,0,0,,0,,,,ModelStochastic6.Models.WEEK1Model,77,,,0,,Albuquerque,ModelStochastic6.Models.WORKModel,ModelStochastic6.Models.WORK3Model,0,0,0
0,0,0,,0,,,,ModelStochastic6.Models.WEEK1Model,77,,,0,,Aspen,ModelStochastic6.Models.WORKModel,ModelStochastic6.Models.WORK3Model,0,0,0
0,0,0,,0,,,,ModelStochastic6.Models.WEEK1Model,77,,,0,,Las_Cruces,ModelStochastic6.Models.WORKModel,ModelStochastic6.Models.WORK3Model,0,0,0
0,0,0,,0,,,,ModelStochastic6.Models.WEEK1Model,77,,,0,,Phoenix,ModelStochastic6.Models.WORKModel,ModelStochastic6.Models.WORK3Model,0,0,0
0,0,0,,0,,,,ModelStochastic6.Models.WEEK1Model,77,,,0,,Tucson,ModelStochastic6.Models.WORKModel,ModelStochastic6.Models.WORK3Model,0,0,0
0,0,0,,0,,,,ModelStochastic6.Models.WEEK1Model,77,,,0,,Yuma,ModelStochastic6.Models.WORKModel,ModelStochastic6.Models.WORK3Model,0,0,0
0,0,0,,0,,,,ModelStochastic6.Models.WEEK1Model,78,,,0,,Albuquerque,ModelStochastic6.Models.WORKModel,ModelStochastic6.Models.WORK3Model,0,0,0
0,0,0,,0,,,,ModelStochastic6.Models.WEEK1Model,78,,,0,,Aspen,ModelStochastic6.Models.WORKModel,ModelStochastic6.Models.WORK3Model,0,0,0
0,0,0,,0,,,,ModelStochastic6.Models.WEEK1Model,78,,,0,,Las_Cruces,ModelStochastic6.Models.WORKModel,ModelStochastic6.Models.WORK3Model,0,0,0
0,0,0,,0,,,,ModelStochastic6.Models.WEEK1Model,78,,,0,,Phoenix,ModelStochastic6.Models.WORKModel,ModelStochastic6.Models.WORK3Model,0,0,0
0,0,0,,0,,,,ModelStochastic6.Models.WEEK1Model,78,,,0,,Tucson,ModelStochastic6.Models.WORKModel,ModelStochastic6.Models.WORK3Model,0,0,0
0,0,0,,0,,,,ModelStochastic6.Models.WEEK1Model,78,,,0,,Yuma,ModelStochastic6.Models.WORKModel,ModelStochastic6.Models.WORK3Model,0,0,0
0,0,0,,0,,,,ModelStochastic6.Models.WEEK1Model,79,,,0,,Albuquerque,ModelStochastic6.Models.WORKModel,ModelStochastic6.Models.WORK3Model,0,0,0
0,0,0,,0,,,,ModelStochastic6.Models.WEEK1Model,79,,,0,,Aspen,ModelStochastic6.Models.WORKModel,ModelStochastic6.Models.WORK3Model,0,0,0
0,0,0,,0,,,,ModelStochastic6.Models.WEEK1Model,79,,,0,,Las_Cruces,ModelStochastic6.Models.WORKModel,ModelStochastic6.Models.WORK3Model,0,0,0
0,0,0,,0,,,,ModelStochastic6.Models.WEEK1Model,79,,,0,,Phoenix,ModelStochastic6.Models.WORKModel,ModelStochastic6.Models.WORK3Model,0,0,0
0,0,0,,0,,,,ModelStochastic6.Models.WEEK1Model,79,,,0,,Tucson,ModelStochastic6.Models.WORKModel,ModelStochastic6.Models.WORK3Model,0,0,0
0,0,0,,0,,,,ModelStochastic6.Models.WEEK1Model,79,,,0,,Yuma,ModelStochastic6.Models.WORKModel,ModelStochastic6.Models.WORK3Model,0,0,0
0,0,0,,0,,,,ModelStochastic6.Models.WEEK1Model,80,,,0,,Albuquerque,ModelStochastic6.Models.WORKModel,ModelStochastic6.Models.WORK3Model,0,0,0
0,0,0,,0,,,,ModelStochastic6.Models.WEEK1Model,80,,,0,,Aspen,ModelStochastic6.Models.WORKModel,ModelStochastic6.Models.WORK3Model,0,0,0
0,0,0,,0,,,,ModelStochastic6.Models.WEEK1Model,80,,,0,,Las_Cruces,ModelStochastic6.Models.WORKModel,ModelStochastic6.Models.WORK3Model,0,0,0
0,0,0,,0,,,,ModelStochastic6.Models.WEEK1Model,80,,,0,,Phoenix,ModelStochastic6.Models.WORKModel,ModelStochastic6.Models.WORK3Model,0,0,0
0,0,0,,0,,,,ModelStochastic6.Models.WEEK1Model,80,,,0,,Tucson,ModelStochastic6.Models.WORKModel,ModelStochastic6.Models.WORK3Model,0,0,0
0,0,0,,0,,,,ModelStochastic6.Models.WEEK1Model,80,,,0,,Yuma,ModelStochastic6.Models.WORKModel,ModelStochastic6.Models.WORK3Model,0,0,0
0,0,0,,0,,,,ModelStochastic6.Models.WEEK1Model,81,,,0,,Albuquerque,ModelStochastic6.Models.WORKModel,ModelStochastic6.Models.WORK3Model,0,0,0
0,0,0,,0,,,,ModelStochastic6.Models.WEEK1Model,81,,,0,,Aspen,ModelStochastic6.Models.WORKModel,ModelStochastic6.Models.WORK3Model,0,0,0
0,0,0,,0,,,,ModelStochastic6.Models.WEEK1Model,81,,,0,,Las_Cruces,ModelStochastic6.Models.WORKModel,ModelStochastic6.Models.WORK3Model,0,0,0
0,0,0,,0,,,,ModelStochastic6.Models.WEEK1Model,81,,,0,,Phoenix,ModelStochastic6.Models.WORKModel,ModelStochastic6.Models.WORK3Model,0,0,0
0,0,0,,0,,,,ModelStochastic6.Models.WEEK1Model,81,,,0,,Tucson,ModelStochastic6.Models.WORKModel,ModelStochastic6.Models.WORK3Model,0,0,0
0,0,0,,0,,,,ModelStochastic6.Models.WEEK1Model,81,,,0,,Yuma,ModelStochastic6.Models.WORKModel,ModelStochastic6.Models.WORK3Model,0,0,0
0,0,0,,0,,,,ModelStochastic6.Models.WEEK1Model,82,,,0,,Albuquerque,ModelStochastic6.Models.WORKModel,ModelStochastic6.Models.WORK3Model,0,0,0
0,0,0,,0,,,,ModelStochastic6.Models.WEEK1Model,82,,,0,,Aspen,ModelStochastic6.Models.WORKModel,ModelStochastic6.Models.WORK3Model,0,0,0
0,0,0,,0,,,,ModelStochastic6.Models.WEEK1Model,82,,,0,,Las_Cruces,ModelStochastic6.Models.WORKModel,ModelStochastic6.Models.WORK3Model,0,0,0
0,0,0,,0,,,,ModelStochastic6.Models.WEEK1Model,82,,,0,,Phoenix,ModelStochastic6.Models.WORKModel,ModelStochastic6.Models.WORK3Model,0,0,0
0,0,0,,0,,,,ModelStochastic6.Models.WEEK1Model,82,,,0,,Tucson,ModelStochastic6.Models.WORKModel,ModelStochastic6.Models.WORK3Model,0,0,0
0,0,0,,0,,,,ModelStochastic6.Models.WEEK1Model,82,,,0,,Yuma,ModelStochastic6.Models.WORKModel,ModelStochastic6.Models.WORK3Model,0,0,0
0,0,0,,0,,,,ModelStochastic6.Models.WEEK1Model,83,,,0,,Albuquerque,ModelStochastic6.Models.WORKModel,ModelStochastic6.Models.WORK3Model,0,0,0
0,0,0,,0,,,,ModelStochastic6.Models.WEEK1Model,83,,,0,,Aspen,ModelStochastic6.Models.WORKModel,ModelStochastic6.Models.WORK3Model,0,0,0
0,0,0,,0,,,,ModelStochastic6.Models.WEEK1Model,83,,,0,,Las_Cruces,ModelStochastic6.Models.WORKModel,ModelStochastic6.Models.WORK3Model,0,0,0
0,0,0,,0,,,,ModelStochastic6.Models.WEEK1Model,83,,,0,,Phoenix,ModelStochastic6.Models.WORKModel,ModelStochastic6.Models.WORK3Model,0,0,0
0,0,0,,0,,,,ModelStochastic6.Models.WEEK1Model,83,,,0,,Tucson,ModelStochastic6.Models.WORKModel,ModelStochastic6.Models.WORK3Model,0,0,0
0,0,0,,0,,,,ModelStochastic6.Models.WEEK1Model,83,,,0,,Yuma,ModelStochastic6.Models.WORKModel,ModelStochastic6.Models.WORK3Model,0,0,0
0,0,0,,0,,,,ModelStochastic6.Models.WEEK1Model,84,,,0,,Albuquerque,ModelStochastic6.Models.WORKModel,ModelStochastic6.Models.WORK3Model,0,0,0
0,0,0,,0,,,,ModelStochastic6.Models.WEEK1Model,84,,,0,,Aspen,ModelStochastic6.Models.WORKModel,ModelStochastic6.Models.WORK3Model,0,0,0
0,0,0,,0,,,,ModelStochastic6.Models.WEEK1Model,84,,,0,,Las_Cruces,ModelStochastic6.Models.WORKModel,ModelStochastic6.Models.WORK3Model,0,0,0
0,0,0,,0,,,,ModelStochastic6.Models.WEEK1Model,84,,,0,,Phoenix,ModelStochastic6.Models.WORKModel,ModelStochastic6.Models.WORK3Model,0,0,0
0,0,0,,0,,,,ModelStochastic6.Models.WEEK1Model,84,,,0,,Tucson,ModelStochastic6.Models.WORKModel,ModelStochastic6.Models.WORK3Model,0,0,0
0,0,0,,0,,,,ModelStochastic6.Models.WEEK1Model,84,,,0,,Yuma,ModelStochastic6.Models.WORKModel,ModelStochastic6.Models.WORK3Model,0,0,0
0,0,0,,0,,,,ModelStochastic6.Models.WEEK1Model,85,,,0,,Albuquerque,ModelStochastic6.Models.WORKModel,ModelStochastic6.Models.WORK3Model,0,0,0
0,0,0,,0,,,,ModelStochastic6.Models.WEEK1Model,85,,,0,,Aspen,ModelStochastic6.Models.WORKModel,ModelStochastic6.Models.WORK3Model,0,0,0
0,0,0,,0,,,,ModelStochastic6.Models.WEEK1Model,85,,,0,,Las_Cruces,ModelStochastic6.Models.WORKModel,ModelStochastic6.Models.WORK3Model,0,0,0
0,0,0,,0,,,,ModelStochastic6.Models.WEEK1Model,85,,,0,,Phoenix,ModelStochastic6.Models.WORKModel,ModelStochastic6.Models.WORK3Model,0,0,0
0,0,0,,0,,,,ModelStochastic6.Models.WEEK1Model,85,,,0,,Tucson,ModelStochastic6.Models.WORKModel,ModelStochastic6.Models.WORK3Model,0,0,0
0,0,0,,0,,,,ModelStochastic6.Models.WEEK1Model,85,,,0,,Yuma,ModelStochastic6.Models.WORKModel,ModelStochastic6.Models.WORK3Model,0,0,0
0,0,0,,0,,,,ModelStochastic6.Models.WEEK1Model,86,,,0,,Albuquerque,ModelStochastic6.Models.WORKModel,ModelStochastic6.Models.WORK3Model,0,0,0
0,0,0,,0,,,,ModelStochastic6.Models.WEEK1Model,86,,,0,,Aspen,ModelStochastic6.Models.WORKModel,ModelStochastic6.Models.WORK3Model,0,0,0
0,0,0,,0,,,,ModelStochastic6.Models.WEEK1Model,86,,,0,,Las_Cruces,ModelStochastic6.Models.WORKModel,ModelStochastic6.Models.WORK3Model,0,0,0
0,0,0,,0,,,,ModelStochastic6.Models.WEEK1Model,86,,,0,,Phoenix,ModelStochastic6.Models.WORKModel,ModelStochastic6.Models.WORK3Model,0,0,0
0,0,0,,0,,,,ModelStochastic6.Models.WEEK1Model,86,,,0,,Tucson,ModelStochastic6.Models.WORKModel,ModelStochastic6.Models.WORK3Model,0,0,0
0,0,0,,0,,,,ModelStochastic6.Models.WEEK1Model,86,,,0,,Yuma,ModelStochastic6.Models.WORKModel,ModelStochastic6.Models.WORK3Model,0,0,0
0,0,0,,0,,,,ModelStochastic6.Models.WEEK1Model,87,,,0,,Albuquerque,ModelStochastic6.Models.WORKModel,ModelStochastic6.Models.WORK3Model,0,0,0
0,0,0,,0,,,,ModelStochastic6.Models.WEEK1Model,87,,,0,,Aspen,ModelStochastic6.Models.WORKModel,ModelStochastic6.Models.WORK3Model,0,0,0
0,0,0,,0,,,,ModelStochastic6.Models.WEEK1Model,87,,,0,,Las_Cruces,ModelStochastic6.Models.WORKModel,ModelStochastic6.Models.WORK3Model,0,0,0
0,0,0,,0,,,,ModelStochastic6.Models.WEEK1Model,87,,,0,,Phoenix,ModelStochastic6.Models.WORKModel,ModelStochastic6.Models.WORK3Model,0,0,0
0,0,0,,0,,,,ModelStochastic6.Models.WEEK1Model,87,,,0,,Tucson,ModelStochastic6.Models.WORKModel,ModelStochastic6.Models.WORK3Model,0,0,0
0,0,0,,0,,,,ModelStochastic6.Models.WEEK1Model,87,,,0,,Yuma,ModelStochastic6.Models.WORKModel,ModelStochastic6.Models.WORK3Model,0,0,0
0,0,0,,0,,,,ModelStochastic6.Models.WEEK1Model,88,,,0,,Albuquerque,ModelStochastic6.Models.WORKModel,ModelStochastic6.Models.WORK3Model,0,0,0
0,0,0,,0,,,,ModelStochastic6.Models.WEEK1Model,88,,,0,,Aspen,ModelStochastic6.Models.WORKModel,ModelStochastic6.Models.WORK3Model,0,0,0
0,0,0,,0,,,,ModelStochastic6.Models.WEEK1Model,88,,,0,,Las_Cruces,ModelStochastic6.Models.WORKModel,ModelStochastic6.Models.WORK3Model,0,0,0
0,0,0,,0,,,,ModelStochastic6.Models.WEEK1Model,88,,,0,,Phoenix,ModelStochastic6.Models.WORKModel,ModelStochastic6.Models.WORK3Model,0,0,0
0,0,0,,0,,,,ModelStochastic6.Models.WEEK1Model,88,,,0,,Tucson,ModelStochastic6.Models.WORKModel,ModelStochastic6.Models.WORK3Model,0,0,0
0,0,0,,0,,,,ModelStochastic6.Models.WEEK1Model,88,,,0,,Yuma,ModelStochastic6.Models.WORKModel,ModelStochastic6.Models.WORK3Model,0,0,0
0,0,0,,0,,,,ModelStochastic6.Models.WEEK1Model,89,,,0,,Albuquerque,ModelStochastic6.Models.WORKModel,ModelStochastic6.Models.WORK3Model,0,0,0
0,0,0,,0,,,,ModelStochastic6.Models.WEEK1Model,89,,,0,,Aspen,ModelStochastic6.Models.WORKModel,ModelStochastic6.Models.WORK3Model,0,0,0
0,0,0,,0,,,,ModelStochastic6.Models.WEEK1Model,89,,,0,,Las_Cruces,ModelStochastic6.Models.WORKModel,ModelStochastic6.Models.WORK3Model,0,0,0
0,0,0,,0,,,,ModelStochastic6.Models.WEEK1Model,89,,,0,,Phoenix,ModelStochastic6.Models.WORKModel,ModelStochastic6.Models.WORK3Model,0,0,0
0,0,0,,0,,,,ModelStochastic6.Models.WEEK1Model,89,,,0,,Tucson,ModelStochastic6.Models.WORKModel,ModelStochastic6.Models.WORK3Model,0,0,0
0,0,0,,0,,,,ModelStochastic6.Models.WEEK1Model,89,,,0,,Yuma,ModelStochastic6.Models.WORKModel,ModelStochastic6.Models.WORK3Model,0,0,0
0,0,0,,0,,,,ModelStochastic6.Models.WEEK1Model,90,,,0,,Albuquerque,ModelStochastic6.Models.WORKModel,ModelStochastic6.Models.WORK3Model,0,0,0
0,0,0,,0,,,,ModelStochastic6.Models.WEEK1Model,90,,,0,,Aspen,ModelStochastic6.Models.WORKModel,ModelStochastic6.Models.WORK3Model,0,0,0
0,0,0,,0,,,,ModelStochastic6.Models.WEEK1Model,90,,,0,,Las_Cruces,ModelStochastic6.Models.WORKModel,ModelStochastic6.Models.WORK3Model,0,0,0
0,0,0,,0,,,,ModelStochastic6.Models.WEEK1Model,90,,,0,,Phoenix,ModelStochastic6.Models.WORKModel,ModelStochastic6.Models.WORK3Model,0,0,0
0,0,0,,0,,,,ModelStochastic6.Models.WEEK1Model,90,,,0,,Tucson,ModelStochastic6.Models.WORKModel,ModelStochastic6.Models.WORK3Model,0,0,0
0,0,0,,0,,,,ModelStochastic6.Models.WEEK1Model,90,,,0,,Yuma,ModelStochastic6.Models.WORKModel,ModelStochastic6.Models.WORK3Model,0,0,0
0,0,0,,0,,,,ModelStochastic6.Models.WEEK1Model,91,,,0,,Albuquerque,ModelStochastic6.Models.WORKModel,ModelStochastic6.Models.WORK3Model,0,0,0
0,0,0,,0,,,,ModelStochastic6.Models.WEEK1Model,91,,,0,,Aspen,ModelStochastic6.Models.WORKModel,ModelStochastic6.Models.WORK3Model,0,0,0
0,0,0,,0,,,,ModelStochastic6.Models.WEEK1Model,91,,,0,,Las_Cruces,ModelStochastic6.Models.WORKModel,ModelStochastic6.Models.WORK3Model,0,0,0
0,0,0,,0,,,,ModelStochastic6.Models.WEEK1Model,91,,,0,,Phoenix,ModelStochastic6.Models.WORKModel,ModelStochastic6.Models.WORK3Model,0,0,0
0,0,0,,0,,,,ModelStochastic6.Models.WEEK1Model,91,,,0,,Tucson,ModelStochastic6.Models.WORKModel,ModelStochastic6.Models.WORK3Model,0,0,0
0,0,0,,0,,,,ModelStochastic6.Models.WEEK1Model,91,,,0,,Yuma,ModelStochastic6.Models.WORKModel,ModelStochastic6.Models.WORK3Model,0,0,0
0,0,0,,0,,,,ModelStochastic6.Models.WEEK1Model,92,,,0,,Albuquerque,ModelStochastic6.Models.WORKModel,ModelStochastic6.Models.WORK3Model,0,0,0
0,0,0,,0,,,,ModelStochastic6.Models.WEEK1Model,92,,,0,,Aspen,ModelStochastic6.Models.WORKModel,ModelStochastic6.Models.WORK3Model,0,0,0
0,0,0,,0,,,,ModelStochastic6.Models.WEEK1Model,92,,,0,,Las_Cruces,ModelStochastic6.Models.WORKModel,ModelStochastic6.Models.WORK3Model,0,0,0
0,0,0,,0,,,,ModelStochastic6.Models.WEEK1Model,92,,,0,,Phoenix,ModelStochastic6.Models.WORKModel,ModelStochastic6.Models.WORK3Model,0,0,0
0,0,0,,0,,,,ModelStochastic6.Models.WEEK1Model,92,,,0,,Tucson,ModelStochastic6.Models.WORKModel,ModelStochastic6.Models.WORK3Model,0,0,0
0,0,0,,0,,,,ModelStochastic6.Models.WEEK1Model,92,,,0,,Yuma,ModelStochastic6.Models.WORKModel,ModelStochastic6.Models.WORK3Model,0,0,0
0,0,0,,0,,,,ModelStochastic6.Models.WEEK1Model,93,,,0,,Albuquerque,ModelStochastic6.Models.WORKModel,ModelStochastic6.Models.WORK3Model,0,0,0
0,0,0,,0,,,,ModelStochastic6.Models.WEEK1Model,93,,,0,,Aspen,ModelStochastic6.Models.WORKModel,ModelStochastic6.Models.WORK3Model,0,0,0
0,0,0,,0,,,,ModelStochastic6.Models.WEEK1Model,93,,,0,,Las_Cruces,ModelStochastic6.Models.WORKModel,ModelStochastic6.Models.WORK3Model,0,0,0
0,0,0,,0,,,,ModelStochastic6.Models.WEEK1Model,93,,,0,,Phoenix,ModelStochastic6.Models.WORKModel,ModelStochastic6.Models.WORK3Model,0,0,0
0,0,0,,0,,,,ModelStochastic6.Models.WEEK1Model,93,,,0,,Tucson,ModelStochastic6.Models.WORKModel,ModelStochastic6.Models.WORK3Model,0,0,0
0,0,0,,0,,,,ModelStochastic6.Models.WEEK1Model,93,,,0,,Yuma,ModelStochastic6.Models.WORKModel,ModelStochastic6.Models.WORK3Model,0,0,0
0,0,0,,0,,,,ModelStochastic6.Models.WEEK1Model,94,,,0,,Albuquerque,ModelStochastic6.Models.WORKModel,ModelStochastic6.Models.WORK3Model,0,0,0
0,0,0,,0,,,,ModelStochastic6.Models.WEEK1Model,94,,,0,,Aspen,ModelStochastic6.Models.WORKModel,ModelStochastic6.Models.WORK3Model,0,0,0
0,0,0,,0,,,,ModelStochastic6.Models.WEEK1Model,94,,,0,,Las_Cruces,ModelStochastic6.Models.WORKModel,ModelStochastic6.Models.WORK3Model,0,0,0
0,0,0,,0,,,,ModelStochastic6.Models.WEEK1Model,94,,,0,,Phoenix,ModelStochastic6.Models.WORKModel,ModelStochastic6.Models.WORK3Model,0,0,0
0,0,0,,0,,,,ModelStochastic6.Models.WEEK1Model,94,,,0,,Tucson,ModelStochastic6.Models.WORKModel,ModelStochastic6.Models.WORK3Model,0,0,0
0,0,0,,0,,,,ModelStochastic6.Models.WEEK1Model,94,,,0,,Yuma,ModelStochastic6.Models.WORKModel,ModelStochastic6.Models.WORK3Model,0,0,0
0,0,0,,0,,,,ModelStochastic6.Models.WEEK1Model,95,,,0,,Albuquerque,ModelStochastic6.Models.WORKModel,ModelStochastic6.Models.WORK3Model,0,0,0
0,0,0,,0,,,,ModelStochastic6.Models.WEEK1Model,95,,,0,,Aspen,ModelStochastic6.Models.WORKModel,ModelStochastic6.Models.WORK3Model,0,0,0
0,0,0,,0,,,,ModelStochastic6.Models.WEEK1Model,95,,,0,,Las_Cruces,ModelStochastic6.Models.WORKModel,ModelStochastic6.Models.WORK3Model,0,0,0
0,0,0,,0,,,,ModelStochastic6.Models.WEEK1Model,95,,,0,,Phoenix,ModelStochastic6.Models.WORKModel,ModelStochastic6.Models.WORK3Model,0,0,0
0,0,0,,0,,,,ModelStochastic6.Models.WEEK1Model,95,,,0,,Tucson,ModelStochastic6.Models.WORKModel,ModelStochastic6.Models.WORK3Model,0,0,0
0,0,0,,0,,,,ModelStochastic6.Models.WEEK1Model,95,,,0,,Yuma,ModelStochastic6.Models.WORKModel,ModelStochastic6.Models.WORK3Model,0,0,0
0,0,0,,0,,,,ModelStochastic6.Models.WEEK1Model,96,,,0,,Albuquerque,ModelStochastic6.Models.WORKModel,ModelStochastic6.Models.WORK3Model,0,0,0
0,0,0,,0,,,,ModelStochastic6.Models.WEEK1Model,96,,,0,,Aspen,ModelStochastic6.Models.WORKModel,ModelStochastic6.Models.WORK3Model,0,0,0
0,0,0,,0,,,,ModelStochastic6.Models.WEEK1Model,96,,,0,,Las_Cruces,ModelStochastic6.Models.WORKModel,ModelStochastic6.Models.WORK3Model,0,0,0
0,0,0,,0,,,,ModelStochastic6.Models.WEEK1Model,96,,,0,,Phoenix,ModelStochastic6.Models.WORKModel,ModelStochastic6.Models.WORK3Model,0,0,0
0,0,0,,0,,,,ModelStochastic6.Models.WEEK1Model,96,,,0,,Tucson,ModelStochastic6.Models.WORKModel,ModelStochastic6.Models.WORK3Model,0,0,0
0,0,0,,0,,,,ModelStochastic6.Models.WEEK1Model,96,,,0,,Yuma,ModelStochastic6.Models.WORKModel,ModelStochastic6.Models.WORK3Model,0,0,0
0,0,0,,0,,,,ModelStochastic6.Models.WEEK1Model,97,,,0,,Albuquerque,ModelStochastic6.Models.WORKModel,ModelStochastic6.Models.WORK3Model,0,0,0
0,0,0,,0,,,,ModelStochastic6.Models.WEEK1Model,97,,,0,,Aspen,ModelStochastic6.Models.WORKModel,ModelStochastic6.Models.WORK3Model,0,0,0
0,0,0,,0,,,,ModelStochastic6.Models.WEEK1Model,97,,,0,,Las_Cruces,ModelStochastic6.Models.WORKModel,ModelStochastic6.Models.WORK3Model,0,0,0
0,0,0,,0,,,,ModelStochastic6.Models.WEEK1Model,97,,,0,,Phoenix,ModelStochastic6.Models.WORKModel,ModelStochastic6.Models.WORK3Model,0,0,0
0,0,0,,0,,,,ModelStochastic6.Models.WEEK1Model,97,,,0,,Tucson,ModelStochastic6.Models.WORKModel,ModelStochastic6.Models.WORK3Model,0,0,0
0,0,0,,0,,,,ModelStochastic6.Models.WEEK1Model,97,,,0,,Yuma,ModelStochastic6.Models.WORKModel,ModelStochastic6.Models.WORK3Model,0,0,0
0,0,0,,0,,,,ModelStochastic6.Models.WEEK1Model,98,,,0,,Albuquerque,ModelStochastic6.Models.WORKModel,ModelStochastic6.Models.WORK3Model,0,0,0
0,0,0,,0,,,,ModelStochastic6.Models.WEEK1Model,98,,,0,,Aspen,ModelStochastic6.Models.WORKModel,ModelStochastic6.Models.WORK3Model,0,0,0
0,0,0,,0,,,,ModelStochastic6.Models.WEEK1Model,98,,,0,,Las_Cruces,ModelStochastic6.Models.WORKModel,ModelStochastic6.Models.WORK3Model,0,0,0
0,0,0,,0,,,,ModelStochastic6.Models.WEEK1Model,98,,,0,,Phoenix,ModelStochastic6.Models.WORKModel,ModelStochastic6.Models.WORK3Model,0,0,0
0,0,0,,0,,,,ModelStochastic6.Models.WEEK1Model,98,,,0,,Tucson,ModelStochastic6.Models.WORKModel,ModelStochastic6.Models.WORK3Model,0,0,0
0,0,0,,0,,,,ModelStochastic6.Models.WEEK1Model,98,,,0,,Yuma,ModelStochastic6.Models.WORKModel,ModelStochastic6.Models.WORK3Model,0,0,0
0,0,0,,0,,,,ModelStochastic6.Models.WEEK1Model,99,,,0,,Albuquerque,ModelStochastic6.Models.WORKModel,ModelStochastic6.Models.WORK3Model,0,0,0
0,0,0,,0,,,,ModelStochastic6.Models.WEEK1Model,99,,,0,,Aspen,ModelStochastic6.Models.WORKModel,ModelStochastic6.Models.WORK3Model,0,0,0
0,0,0,,0,,,,ModelStochastic6.Models.WEEK1Model,99,,,0,,Las_Cruces,ModelStochastic6.Models.WORKModel,ModelStochastic6.Models.WORK3Model,0,0,0
0,0,0,,0,,,,ModelStochastic6.Models.WEEK1Model,99,,,0,,Phoenix,ModelStochastic6.Models.WORKModel,ModelStochastic6.Models.WORK3Model,0,0,0
0,0,0,,0,,,,ModelStochastic6.Models.WEEK1Model,99,,,0,,Tucson,ModelStochastic6.Models.WORKModel,ModelStochastic6.Models.WORK3Model,0,0,0
0,0,0,,0,,,,ModelStochastic6.Models.WEEK1Model,99,,,0,,Yuma,ModelStochastic6.Models.WORKModel,ModelStochastic6.Models.WORK3Model,0,0,0
0,0,0,,0,,,,ModelStochastic6.Models.WEEK1Model,100,,,0,,Albuquerque,ModelStochastic6.Models.WORKModel,ModelStochastic6.Models.WORK3Model,0,0,0
0,0,0,,0,,,,ModelStochastic6.Models.WEEK1Model,100,,,0,,Aspen,ModelStochastic6.Models.WORKModel,ModelStochastic6.Models.WORK3Model,0,0,0
0,0,0,,0,,,,ModelStochastic6.Models.WEEK1Model,100,,,0,,Las_Cruces,ModelStochastic6.Models.WORKModel,ModelStochastic6.Models.WORK3Model,0,0,0
0,0,0,,0,,,,ModelStochastic6.Models.WEEK1Model,100,,,0,,Phoenix,ModelStochastic6.Models.WORKModel,ModelStochastic6.Models.WORK3Model,0,0,0
0,0,0,,0,,,,ModelStochastic6.Models.WEEK1Model,100,,,0,,Tucson,ModelStochastic6.Models.WORKModel,ModelStochastic6.Models.WORK3Model,0,0,0
0,0,0,,0,,,,ModelStochastic6.Models.WEEK1Model,100,,,0,,Yuma,ModelStochastic6.Models.WORKModel,ModelStochastic6.Models.WORK3Model,0,0,0
0,0,0,,0,,,,ModelStochastic6.Models.WEEK1Model,101,,,0,,Albuquerque,ModelStochastic6.Models.WORKModel,ModelStochastic6.Models.WORK3Model,0,0,0
0,0,0,,0,,,,ModelStochastic6.Models.WEEK1Model,101,,,0,,Aspen,ModelStochastic6.Models.WORKModel,ModelStochastic6.Models.WORK3Model,0,0,0
0,0,0,,0,,,,ModelStochastic6.Models.WEEK1Model,101,,,0,,Las_Cruces,ModelStochastic6.Models.WORKModel,ModelStochastic6.Models.WORK3Model,0,0,0
0,0,0,,0,,,,ModelStochastic6.Models.WEEK1Model,101,,,0,,Phoenix,ModelStochastic6.Models.WORKModel,ModelStochastic6.Models.WORK3Model,0,0,0
0,0,0,,0,,,,ModelStochastic6.Models.WEEK1Model,101,,,0,,Tucson,ModelStochastic6.Models.WORKModel,ModelStochastic6.Models.WORK3Model,0,0,0
0,0,0,,0,,,,ModelStochastic6.Models.WEEK1Model,101,,,0,,Yuma,ModelStochastic6.Models.WORKModel,ModelStochastic6.Models.WORK3Model,0,0,0
0,0,0,,0,,,,ModelStochastic6.Models.WEEK1Model,102,,,0,,Albuquerque,ModelStochastic6.Models.WORKModel,ModelStochastic6.Models.WORK3Model,0,0,0
0,0,0,,0,,,,ModelStochastic6.Models.WEEK1Model,102,,,0,,Aspen,ModelStochastic6.Models.WORKModel,ModelStochastic6.Models.WORK3Model,0,0,0
0,0,0,,0,,,,ModelStochastic6.Models.WEEK1Model,102,,,0,,Las_Cruces,ModelStochastic6.Models.WORKModel,ModelStochastic6.Models.WORK3Model,0,0,0
0,0,0,,0,,,,ModelStochastic6.Models.WEEK1Model,102,,,0,,Phoenix,ModelStochastic6.Models.WORKModel,ModelStochastic6.Models.WORK3Model,0,0,0
0,0,0,,0,,,,ModelStochastic6.Models.WEEK1Model,102,,,0,,Tucson,ModelStochastic6.Models.WORKModel,ModelStochastic6.Models.WORK3Model,0,0,0
0,0,0,,0,,,,ModelStochastic6.Models.WEEK1Model,102,,,0,,Yuma,ModelStochastic6.Models.WORKModel,ModelStochastic6.Models.WORK3Model,0,0,0
0,0,0,,0,,,,ModelStochastic6.Models.WEEK1Model,103,,,0,,Albuquerque,ModelStochastic6.Models.WORKModel,ModelStochastic6.Models.WORK3Model,0,0,0
0,0,0,,0,,,,ModelStochastic6.Models.WEEK1Model,103,,,0,,Aspen,ModelStochastic6.Models.WORKModel,ModelStochastic6.Models.WORK3Model,0,0,0
0,0,0,,0,,,,ModelStochastic6.Models.WEEK1Model,103,,,0,,Las_Cruces,ModelStochastic6.Models.WORKModel,ModelStochastic6.Models.WORK3Model,0,0,0
0,0,0,,0,,,,ModelStochastic6.Models.WEEK1Model,103,,,0,,Phoenix,ModelStochastic6.Models.WORKModel,ModelStochastic6.Models.WORK3Model,0,0,0
0,0,0,,0,,,,ModelStochastic6.Models.WEEK1Model,103,,,0,,Tucson,ModelStochastic6.Models.WORKModel,ModelStochastic6.Models.WORK3Model,0,0,0
0,0,0,,0,,,,ModelStochastic6.Models.WEEK1Model,103,,,0,,Yuma,ModelStochastic6.Models.WORKModel,ModelStochastic6.Models.WORK3Model,0,0,0
0,0,0,,0,,,,ModelStochastic6.Models.WEEK1Model,104,,,0,,Albuquerque,ModelStochastic6.Models.WORKModel,ModelStochastic6.Models.WORK3Model,0,0,0
0,0,0,,0,,,,ModelStochastic6.Models.WEEK1Model,104,,,0,,Aspen,ModelStochastic6.Models.WORKModel,ModelStochastic6.Models.WORK3Model,0,0,0
0,0,0,,0,,,,ModelStochastic6.Models.WEEK1Model,104,,,0,,Las_Cruces,ModelStochastic6.Models.WORKModel,ModelStochastic6.Models.WORK3Model,0,0,0
0,0,0,,0,,,,ModelStochastic6.Models.WEEK1Model,104,,,0,,Phoenix,ModelStochastic6.Models.WORKModel,ModelStochastic6.Models.WORK3Model,0,0,0
0,0,0,,0,,,,ModelStochastic6.Models.WEEK1Model,104,,,0,,Tucson,ModelStochastic6.Models.WORKModel,ModelStochastic6.Models.WORK3Model,0,0,0
0,0,0,,0,,,,ModelStochastic6.Models.WEEK1Model,104,,,0,,Yuma,ModelStochastic6.Models.WORKModel,ModelStochastic6.Models.WORK3Model,0,0,0
